Station name,Code,Latitude,Longitude
Penzance,PNZ,50.12226,-5.53223
Falmouth Town,FMT,50.1483,-5.06514
Penmere,PNM,50.15038,-5.0832
Falmouth Docks,FAL,50.15076,-5.05586
St Erth,SER,50.17051,-5.44424
Penryn (Cornwall),PYN,50.1708,-5.11155
Lelant Saltings,LTS,50.1783,-5.44226
Lelant,LEL,50.18405,-5.43646
Hayle,HYL,50.18555,-5.41978
Carbis Bay,CBB,50.19712,-5.46392
St Ives (Cornwall),SIV,50.20903,-5.478
Camborne,CBN,50.21038,-5.29732
Perranwell,PRW,50.21641,-5.11233
Redruth,RED,50.2332,-5.22602
Truro,TRU,50.264,-5.06432
St Austell,SAU,50.33959,-4.78915
Par,PAR,50.35583,-4.70457
Looe,LOO,50.3597,-4.45646
Plymouth,PLY,50.3778,-4.14301
Devonport (Devon),DPT,50.37849,-4.17018
Devonport Dockyard,DOC,50.38246,-4.17609
Sandplace,SDP,50.3872,-4.46481
Keyham,KEY,50.39008,-4.17984
Luxulyan,LUX,50.39023,-4.74785
Ivybridge,IVY,50.3935,-3.90513
St Germans,SGM,50.3943,-4.30876
St Columb Road,SCR,50.39878,-4.9411
Bugle,BGL,50.40024,-4.79194
St Budeaux Ferry Road,SBF,50.40141,-4.1868
St Budeaux Victoria Road,SBV,50.4021,-4.18765
Quintrell Downs,QUI,50.40414,-5.02875
Causeland,CAU,50.40585,-4.46646
Saltash,STS,50.40719,-4.20924
Lostwithiel,LOS,50.40734,-4.66574
Newquay,NQY,50.41493,-5.07611
Roche,ROC,50.41863,-4.83063
St Keyne Wishing Well Halt,SKN,50.4223,-4.46368
Menheniot,MEN,50.42694,-4.4103
Paignton,PGN,50.43489,-3.56489
Totnes,TOT,50.4356,-3.68868
Coombe Junction Halt,COE,50.4449,-4.48109
Bodmin Parkway,BOD,50.4458,-4.663
Liskeard,LSK,50.44702,-4.46996
Bere Ferrers,BFE,50.4514,-4.18125
Torquay,TQY,50.46126,-3.5431
Torre,TRR,50.47338,-3.54678
Bere Alston,BAS,50.4863,-4.19982
Calstock,CSK,50.49812,-4.20902
Gunnislake,GSL,50.516,-4.21929
Newton Abbot,NTA,50.53,-3.59952
Teignmouth,TGM,50.54814,-3.49452
Dawlish,DWL,50.58055,-3.46453
West Brompton,WBP,50.58828,-0.23017
Dawlish Warren,DWW,50.59886,-3.44354
Weymouth,WEY,50.616,-2.455
Exmouth,EXM,50.62179,-3.41507
Starcross,SCS,50.62781,-3.44768
Shanklin,SHN,50.63396,-1.17971
Lake,LKE,50.64629,-1.16644
Upwey,UPW,50.648,-2.466
Lympstone Village,LYM,50.64884,-3.43166
Sandown,SAN,50.65696,-1.16241
Lympstone Commando,LYC,50.6625,-3.441
Exton,EXN,50.66792,-3.44374
Brading,BDN,50.67837,-1.13866
Wool,WOO,50.682,-2.221
Topsham,TOP,50.68588,-3.46401
Wareham (Dorset),WRM,50.693,-2.115
Moreton (Dorset),MTN,50.701,-2.313
Dorchester South,DCH,50.709,-2.437
Dorchester West,DCW,50.711,-2.443
Holton Heath,HOL,50.711,-2.078
Smallbrook Junction,SAB,50.7114,-1.15513
Digby & Sowton,DIG,50.71406,-3.47354
Exeter St Thomas,EXT,50.71713,-3.53858
Poole,POO,50.719,-1.98331
Parkstone (Dorset),PKS,50.723,-1.949
Ryde St Johns Road,RYR,50.72425,-1.15667
Hamworthy,HAM,50.725,-2.01944
Exeter Central,EXC,50.72671,-3.53284
Branksome,BSM,50.728,-1.919
Bournemouth,BMH,50.728,-1.864
Exeter St David's,EXD,50.7296,-3.54354
Pokesdown,POK,50.731,-1.825
St James Park (Exeter),SJP,50.73106,-3.52234
Polsloe Bridge,POL,50.73119,-3.50169
Okehampton,OKE,50.73234,-3.99646
Ryde Esplanade,RYD,50.73307,-1.15966
Pinhoe,PIN,50.73767,-3.46976
Christchurch,CHR,50.738,-1.785
Ryde Pier Head,RYP,50.73821,-1.16062
Hinton Admiral,HNA,50.753,-1.714
New Milton,NWM,50.756,-1.658
Lymington Pier,LYP,50.758,-1.529
Lymington Town,LYT,50.761,-1.537
Whimple,WHM,50.768,-3.354
Eastbourne,EBN,50.769,0.281
Sampford Courtenay,SMC,50.7703,-3.94878
Seaford (Sussex),SEF,50.77289,0.09985
Yeoford,YEO,50.77658,-3.7263
Newton St Cyres,NTC,50.77884,-3.58915
Axminster,AXM,50.779,-3.005
Maiden Newton,MDN,50.78,-2.569
Bishopstone (Sussex),BIP,50.78002,0.08257
Crediton,CDI,50.78324,-3.64668
Sway,SWY,50.78475,-1.60986
Feniton,FNT,50.786,-3.285
Bognor Regis,BOG,50.78679,-0.67614
Newhaven Harbour,NVH,50.78978,0.05514
Newhaven Town,NVN,50.79476,0.05509
Hampden Park (Sussex),HMD,50.79617,0.27954
Fratton,FTN,50.79648,-1.07397
Honiton,HON,50.797,-3.187
Portsmouth Harbour,PMH,50.79714,-1.10704
Portsmouth & Southsea,PMS,50.7983,-1.09053
Littlehampton,LIT,50.8102,-0.54644
Copplestone,COP,50.814,-3.752
Pevensey & Westham,PEV,50.81572,0.32464
Brockenhurst,BCU,50.8164,-1.5739
Angmering,ANG,50.81651,-0.48883
Durrington-on-Sea,DUR,50.81743,-0.41144
Pevensey Bay,PEB,50.81744,0.34296
Goring-by-Sea,GBS,50.81768,-0.43281
West Worthing,WWO,50.8184,-0.39315
Worthing,WRH,50.81852,-0.37826
Polegate,PLG,50.82115,0.24547
East Worthing,EWR,50.82174,-0.35813
Normans Bay,NSB,50.82604,0.38934
Lancing,LAC,50.82695,-0.32351
Hilsea,HLS,50.82817,-1.05889
Brighton (East Sussex),BTN,50.82917,-0.14118
Ford,FOD,50.82946,-0.57856
Barnham,BAA,50.83083,-0.64022
Southease,SEE,50.83126,0.03067
Chichester,CCH,50.83189,-0.78189
Morchard Road,MRD,50.832,-3.766
Southwick,SWK,50.83247,-0.23721
Cooden Beach,COB,50.83337,0.42669
Fishersgate,FSG,50.83432,-0.21917
Shoreham-by-Sea,SSE,50.83443,-0.27182
Hove,HOV,50.83523,-0.17053
Portslade,PLD,50.83576,-0.20525
Aldrington,AGT,50.83634,-0.18164
London Road (Brighton),LRB,50.83684,-0.13605
Collington,CLL,50.839,0.458
Fishbourne (Sussex),FSB,50.83902,-0.81497
Berwick (Sussex),BRK,50.8404,0.16586
Bexhill,BEX,50.841,0.477
Cosham,CSA,50.84186,-1.0673
Bosham,BOH,50.84286,-0.84743
Preston Park,PRP,50.84583,-0.1552
Nutbourne,NUT,50.84609,-0.88336
Moulsecoomb,MCB,50.84655,-0.11897
Arundel,ARU,50.84801,-0.54631
Southbourne,SOB,50.84825,-0.9078
Portchester,PTC,50.84883,-1.12456
Emsworth,EMS,50.85161,-0.93858
West St Leonards,WLD,50.85321,0.54001
Fareham,FRM,50.85323,-1.19226
Warblington,WBL,50.8535,-0.96725
Bedhampton,BDH,50.85361,-0.99694
Havant,HAV,50.854,-0.982
Beaulieu Road,BEU,50.85444,-1.50472
St Leonards Warrior Square,SLQ,50.85575,0.56049
Lapford,LAP,50.8575,-3.8108
Hastings,HGS,50.858,0.576
Glynde,GLY,50.85909,0.07006
Falmer,FMR,50.86197,-0.08722
Chetnole,CNO,50.8666,-2.57368
Ore,ORE,50.86686,0.59152
Lewes,LWS,50.87062,0.01136
Hamble,HME,50.87131,-1.32865
Crewkerne,CKN,50.8736,-2.7771
Netley,NTL,50.87476,-1.34156
Swanwick,SNW,50.87579,-1.26599
Bursledon,BUO,50.88382,-1.30494
Eggesford,EGG,50.8878,-3.87525
Crowhurst,CWU,50.889,0.501
Ashurst New Forest,ANF,50.89016,-1.52635
Rowlands Castle,RLN,50.89234,-0.95737
Yetminster,YET,50.896,-2.573
Sholing,SHO,50.897,-1.364
Amberley,AMY,50.897,-0.542
Woolston,WLS,50.89902,-1.37713
Three Oaks,TOK,50.90028,0.61361
Cooksbridge,CBR,50.90366,-0.00928
Southampton Central,SOU,50.90747,-1.41397
Millbrook (Hants),MBK,50.9116,-1.4343
Thornford,THO,50.912,-2.58
Battle,BAT,50.91286,0.49493
Tiverton Parkway,TVP,50.917,-3.36012
Botley,BOE,50.917,-1.259
Totton,TTN,50.9178,-1.4826
Bitterne,BTE,50.918,-1.377
Doleham,DLH,50.919,0.611
Redbridge,RDB,50.9198,-1.4702
St Denys,SDN,50.92211,-1.38798
Hassocks,HSK,50.92463,-0.14576
Yeovil Junction,YVJ,50.9247,-2.6132
Plumpton,PMP,50.929,-0.06
Hedge End,HDE,50.93306,-1.29528
Winchelsea,WSE,50.93373,0.70223
Kings Nympton,KGN,50.936,-3.90535
Swaythling,SWG,50.9411,-1.3765
Sherborne,SHE,50.944,-2.513
Yeovil Pen Mill,YVP,50.9445,-2.6134
Southampton Airport Parkway,SOA,50.9503,-1.3634
Rye (Sussex),RYE,50.952,0.731
Burgess Hill,BUG,50.95348,-0.12757
Portsmouth Arms,PMA,50.95697,-3.95086
Pulborough,PUL,50.957,-0.517
Wivelsfield,WVF,50.96381,-0.12107
Uckfield,UCK,50.96887,0.09734
Eastleigh,ESL,50.96944,-1.34944
Chandlers Ford,CFR,50.98306,-1.38444
Robertsbridge,RBR,50.98497,0.46868
Buxted,BXD,50.9901,0.13136
Romsey,ROM,50.9927,-1.4933
Umberleigh,UMB,50.9962,-3.98306
Templecombe,TMC,51.0017,-2.41639
Haywards Heath,HHE,51.00509,-0.10535
Petersfield,PTR,51.00673,-0.94131
Etchingham,ETC,51.01065,0.44244
Billingshurst,BIG,51.01506,-0.45032
Chapelton (Devon),CPN,51.016,-4.024
Stonegate,SOG,51.01999,0.36362
Shawford,SHW,51.022,-1.328
Taunton,TAU,51.0233,-3.10289
Appledore (Kent),APD,51.03329,0.81654
Mottisfont & Dunbridge,DBG,51.0339,-1.5469
Gillingham (Dorset),GIL,51.034,-2.273
Dean (Wilts),DEN,51.0424,-1.6347
Liss,LIS,51.04375,-0.89283
Crowborough,COH,51.046,0.188
Christ's Hospital,CHH,51.0509,-0.36374
Balcombe,BAB,51.05611,-0.1375
Tisbury,TIS,51.061,-2.079
Horsham,HRH,51.06601,-0.31894
Winchester,WIN,51.067,-1.32
Ham Street,HMT,51.06834,0.8547
Salisbury,SAL,51.0705,-1.8055
Liphook,LIP,51.07128,-0.80009
Wadhurst,WAD,51.07344,0.31295
Barnstaple,BNP,51.074,-4.063
Littlehaven,LVN,51.08,-0.308
Folkestone Central,FKC,51.08274,1.16901
Folkestone West,FKW,51.08474,1.15368
Haslemere,HSL,51.08878,-0.71951
Eridge,ERI,51.089,0.201
Sandling,SDG,51.09,1.066
Warnham,WNH,51.09287,-0.32953
Westenhanger,WHA,51.09495,1.0381
Faygate,FGT,51.09591,-0.26311
Castle Cary,CLC,51.0996,-2.5241
Frant,FRT,51.10415,0.29428
Bruton,BRU,51.1117,-2.44732
Crawley,CRW,51.11207,-0.18689
Ifield,IFI,51.116,-0.215
Three Bridges,TBD,51.11729,-0.16105
Dover Priory,DVP,51.12582,1.30501
East Grinstead,EGR,51.12633,-0.01781
Bridgwater,BWT,51.12772,-2.99024
Ashurst (Kent),AHS,51.1287,0.15253
Tunbridge Wells,TBW,51.13021,0.26302
Witley,WTY,51.13313,-0.646
Ashford International,AFK,51.1436,0.87448
Ashford International (Eurostar),ASI,51.14376,0.87613
High Brooms,HIB,51.149,0.277
Kearsney (Kent),KSN,51.14929,1.27193
Ockley,OLY,51.152,-0.336
Alton,AON,51.15215,-0.9666
Cowden (Kent),CWN,51.15558,0.10991
Dormans,DMS,51.1557,-0.00425
Pluckley,PLC,51.156,0.747
Gatwick Airport,GTW,51.15661,-0.16102
Milford (Surrey),MLF,51.16343,-0.63678
Headcorn,HCN,51.16564,0.62711
Horley,HOR,51.16856,-0.16095
Grateley,GRT,51.17022,-1.62033
Martin Mill,MTM,51.17063,1.34792
Staplehurst,SPU,51.171,0.55
Marden (Kent),MRN,51.175,0.493
Lingfield,LFD,51.17645,-0.00706
Bentley (Hants),BTY,51.181,-0.868
Holmwood,HLM,51.18107,-0.32097
Hever,HEV,51.18139,0.09478
Micheldever,MIC,51.182,-1.261
Paddock Wood,PDW,51.18237,0.38932
Wye,WYE,51.18512,0.92928
Godalming,GOD,51.18659,-0.61884
Shepherds Well,SPH,51.18804,1.22973
Tonbridge,TON,51.191,0.271
Leigh (Kent),LIH,51.19404,0.21076
Farncombe,FNC,51.19716,-0.60453
Penshurst,PHR,51.19724,0.17344
Edenbridge Town,EBT,51.20017,0.0672
Salfords (Surrey),SAF,51.20172,-0.16224
Walmer,WAM,51.20341,1.38274
Beltring,BEG,51.20459,0.40589
Warminster,WMN,51.2069,-2.1768
Edenbridge (Kent),EBR,51.208,0.061
Charing (Kent),CHG,51.20815,0.79002
Andover,ADV,51.212,-1.492
Farnham,FNH,51.212,-0.792
Shalford (Surrey),SFR,51.214,-0.567
Hildenborough,HLB,51.2142,0.2277
Chilworth,CHL,51.21516,-0.52495
Snowdown,SWO,51.21525,1.21365
Highbridge & Burnham,HIG,51.2181,-2.975
Godstone,GDN,51.21812,-0.05091
Gomshall,GOM,51.219,-0.442
Deal,DEA,51.22303,1.39867
Frome,FRO,51.2263,-2.3107
Yalding,YAL,51.22648,0.41219
Nutfield,NUF,51.22676,-0.13239
Earlswood (Surrey),ELD,51.227,-0.171
Aylesham,AYH,51.227,1.209
Lenham,LEN,51.23432,0.70774
Dorking West,DKT,51.23637,-0.33991
Whitchurch (Hants),WCH,51.237,-1.338
Guildford,GLD,51.237,-0.58
Dorking Deepdene,DPD,51.239,-0.325
Redhill,RDH,51.24026,-0.16542
London Road (Guildford),LRD,51.24076,-0.56528
Dorking (Main),DKG,51.24103,-0.32399
Adisham,ADM,51.24123,1.19884
Reigate,REI,51.24189,-0.20392
Hurst Green,HUR,51.24443,0.00406
Wanborough,WAN,51.24461,-0.66759
Harrietsham,HRM,51.24491,0.6727
Chilham,CIL,51.245,0.976
Aldershot,AHT,51.24639,-0.76
Betchworth,BTO,51.24811,-0.26711
Dilton Marsh,DMH,51.249,-2.2079
Wateringbury,WTR,51.24951,0.42186
Ash,ASH,51.24968,-0.71283
Overton,OVR,51.254,-1.26
Box Hill & Westhumble,BXW,51.25406,-0.3287
East Farleigh,EFL,51.25529,0.48476
Chartham,CRT,51.25728,1.01834
Oxted,OXT,51.25785,-0.00467
Bekesbourne,BKS,51.2614,1.1372
Clandon,CLA,51.264,-0.503
Merstham,MHM,51.2641,-0.15009
Hollingbourne,HBN,51.265,0.628
Westbury (Wilts),WSB,51.2665,-2.1995
Basingstoke,BSK,51.26833,-1.08778
Sandwich,SDW,51.27,1.343
Maidstone West,MDW,51.27062,0.5157
Ash Vale,AHV,51.272,-0.722
Canterbury East,CBE,51.27422,1.07566
Bearsted,BSD,51.27587,0.57783
North Camp,NCM,51.27596,-0.73143
Sevenoaks,SEV,51.27676,0.18174
Maidstone Barracks,MDB,51.27722,0.51408
Selling,SEG,51.27724,0.94119
Maidstone East,MDE,51.27769,0.52086
Horsley,HSY,51.279,-0.435
Hook,HOK,51.27997,-0.96045
Caterham,CAT,51.28233,-0.07848
Canterbury West,CBW,51.28419,1.07518
Barming,BMG,51.28468,0.47891
Winchfield,WNF,51.28476,-0.90682
East Malling,EML,51.28582,0.43939
Bookham,BKA,51.28882,-0.38402
Worplesdon,WPL,51.289,-0.583
Bat & Ball,BBL,51.28988,0.19394
Woldingham,WOH,51.2899,-0.05181
Fleet,FLE,51.291,-0.831
Effingham Junction,EFF,51.291,-0.42
Tadworth,TAD,51.29169,-0.23814
West Malling,WMA,51.29203,0.41884
Borough Green & Wrotham,BRG,51.29315,0.30594
Kingswood,KND,51.29471,-0.21114
Dunton Green,DNG,51.29676,0.17131
Farnborough (Main),FNB,51.297,-0.756
Kemsing,KMS,51.29727,0.24719
Leatherhead,LHD,51.29894,-0.33314
Aylesford,AYL,51.301,0.466
Sturry,STU,51.30101,1.12228
Farnborough North,FNN,51.302,-0.743
Whyteleafe South,WHS,51.30355,-0.07709
Brookwood,BKO,51.304,-0.636
Upper Warlingham,UWL,51.30854,-0.07788
Tattenham Corner,TAT,51.30906,-0.24229
Chipstead,CHP,51.30926,-0.16946
Whyteleafe,WHY,51.31005,-0.08107
Faversham,FAV,51.31155,0.89121
Frimley,FML,51.31179,-0.7471
New Hythe,NHE,51.31283,0.45509
Otford,OTF,51.31307,0.19704
Coulsdon South,CDS,51.31583,-0.13788
Ashtead,AHD,51.31787,-0.30763
Cobham & Stoke d'Abernon,CSD,51.31796,-0.38928
Woking,WOK,51.31847,-0.55696
Woodmansterne,WME,51.31899,-0.15413
Trowbridge,TRO,51.32,-2.2143
Coulsdon Town,CDN,51.322,-0.1344
Epsom Downs,EPD,51.32392,-0.23877
Kenley,KLY,51.32477,-0.10098
Minster,MSR,51.32919,1.3168
Banstead,BAD,51.32937,-0.21331
Bramley (Hants),BMY,51.33,-1.061
Snodland,SDA,51.33028,0.44838
Reedham (Surrey),RHM,51.33114,-0.12346
Blackwater,BAW,51.332,-0.777
Shoreham (Kent),SEH,51.33209,0.18875
Riddlesdown,RDD,51.33251,-0.09948
Teynham,TEY,51.33348,0.8075
Epsom (Surrey),EPS,51.334,-0.269
Camberley,CAM,51.336,-0.745
Oxshott,OXS,51.336,-0.362
Purley,PUR,51.33755,-0.11404
Avoncliff,AVF,51.3395,-2.2821
West Byfleet,WBY,51.3395,-0.5054
Ramsgate,RAM,51.34099,1.40609
Freshford,FFD,51.342,-2.301
Pewsey,PEW,51.342,-1.771
Sittingbourne,SIT,51.34216,0.73472
Weston-super-Mare,WSM,51.344,-2.9734
Belmont,BLM,51.34401,-0.19883
Bradford-on-Avon,BOA,51.3448,-2.2527
Ewell East,EWE,51.34525,-0.24146
Knockholt,KCK,51.34582,0.13055
Dumpton Park,DMP,51.34584,1.42583
Sandhurst (Berks),SND,51.346,-0.804
Purley Oaks,PUO,51.347,-0.09881
Weston Milton,WNM,51.3479,-2.9433
Sanderstead,SNR,51.34836,-0.09351
Byfleet & New Haw,BFN,51.3497,-0.4812
Ewell West,EWW,51.35028,-0.25694
Halling,HAI,51.352,0.445
Newington,NGT,51.35348,0.66799
Cheam,CHE,51.3557,-0.21431
Chelsfield,CLD,51.3567,0.10815
Chessington South,CSS,51.3569,-0.308
Worle,WOR,51.3571,-2.9119
Whitstable,WHI,51.35759,1.03343
Carshalton Beeches,CSB,51.3577,-0.1714
Sutton (Surrey),SUO,51.35966,-0.19121
Chestfield & Swalecliffe,CSW,51.36027,1.06706
Wallington,WLT,51.3603,-0.15067
Claygate,CLG,51.361,-0.348
Broadstairs,BSR,51.361,1.434
Weybridge,WYB,51.3616,-0.4575
Kemsley,KML,51.36224,0.73539
Eynsford,EYN,51.36267,0.20424
South Croydon,SCY,51.36288,-0.09342
Stoneleigh,SNL,51.36323,-0.24851
Bagshot,BAG,51.364,-0.689
Chessington North,CSN,51.3642,-0.3005
Herne Bay,HNB,51.36444,1.11759
West Sutton,WSU,51.36618,-0.20458
Rainham (Kent),RAI,51.3665,0.61127
Crowthorne,CRN,51.367,-0.819
Waddon,WDO,51.36728,-0.11761
Carshalton,CSH,51.3686,-0.1659
Mortimer,MOR,51.37205,-1.03562
Walton-on-Thames,WAL,51.3728,-0.4143
Addlestone,ASN,51.373,-0.484
Cuxton,CUX,51.3739,0.46187
Orpington,ORP,51.3741,0.0885
Sutton Common,SUC,51.3751,-0.1964
East Croydon,ECR,51.3754,-0.0928
Hinchley Wood,HYW,51.376,-0.342
Hayes (Kent),HYS,51.37637,0.01028
Hersham,HER,51.3768,-0.3898
Birchington-on-sea,BCH,51.377,1.301
Tolworth,TOL,51.3771,-0.2793
Bath Spa,BTH,51.37748,-2.35685
Hackbridge,HCB,51.3778,-0.1539
West Croydon,WCY,51.3785,-0.10233
Oldfield Park,OLF,51.3792,-2.3807
Bedwyn,BDW,51.3795,-1.59892
Melksham,MKM,51.38,-2.145
Esher,ESH,51.38,-0.3526
Chatham,CTM,51.38034,0.5211
Worcester Park,WCP,51.3812,-0.2451
Westgate-on-Sea,WGA,51.38131,1.33843
West Wickham,WWI,51.3814,-0.01448
Sole Street,SOR,51.38325,0.37812
Longcross,LNG,51.385,-0.595
Malden Manor,MAL,51.385,-0.261
Margate,MAR,51.38516,1.37224
Rochester,RTR,51.38562,0.5105
Meopham,MEP,51.38646,0.35703
Gillingham (Kent),GLM,51.38669,0.55043
Rhoose Cardiff International Airport,RIA,51.3872,-3.3489
Chertsey,CHY,51.38725,-0.50971
Thames Ditton,THD,51.3886,-0.3383
Petts Wood,PET,51.38868,0.07437
Swale,SWL,51.38922,0.74714
St Helier (Surrey),SIH,51.3901,-0.1985
Eden Park,EDN,51.39016,-0.02635
Yatton,YAT,51.391,-2.8278
Selhurst,SRS,51.39177,-0.08828
Sunningdale,SNG,51.392,-0.63287
Barry Island,BYI,51.3924,-3.2736
Surbiton,SUR,51.3926,-0.3044
Mitcham Junction,MIJ,51.39305,-0.15819
Swanley,SAY,51.39312,0.16778
Thatcham,THA,51.394,-1.243
St Mary Cray,SMY,51.39477,0.10638
Motspur Park,MOT,51.3958,-0.2397
Midgham,MDG,51.39611,-1.17833
Longfield,LGF,51.39611,0.30043
Strood (Kent),SOO,51.39645,0.5001
Morden South,MDS,51.3965,-0.199
Barry,BRY,51.3968,-3.2847
Shepperton,SHP,51.39686,-0.44669
Norwood Junction,NWD,51.39725,-0.07494
Newbury,NBY,51.3976,-1.3227
Elmers End,ELE,51.39778,-0.04989
Newbury Racecourse,NRC,51.398,-1.308
Thornton Heath,TTH,51.39867,-0.10021
Berrylands,BRS,51.3988,-0.2803
Bromley South,BMS,51.40002,0.0184
Bickley,BKL,51.40005,0.04434
Farningham Road,FNR,51.40165,0.23591
Virginia Water,VIR,51.402,-0.562
Aldermaston,AMT,51.40228,-1.13643
Barry Docks,BYD,51.4024,-3.2615
Kintbury,KIT,51.40262,-1.44539
Hampton Court,HMC,51.4028,-0.3425
South Merton,SMO,51.403,-0.2062
New Malden,NEM,51.4039,-0.256
Birkbeck,BIK,51.4039,-0.0568
Chislehurst,CIT,51.40538,0.05743
Shortlands,SRT,51.40571,0.00244
Ascot (Berks),ACT,51.406,-0.676
Mitcham Eastfields,MTC,51.40772,-0.15476
Martins Heron,MAO,51.408,-0.725
Clock House,CLK,51.40869,-0.04044
Bromley North,BMN,51.4088,0.0179
Raynes Park,RAY,51.4094,-0.2299
Wimbledon Chase,WBO,51.4095,-0.2142
Llantwit Major,LWM,51.41,-3.482
Wokingham,WKM,51.411,-0.843
Beckenham Junction,BKJ,51.41113,-0.02662
Norbury,NRB,51.4114,-0.1214
Cadoxton,CAD,51.4122,-3.2487
Kent House,KTH,51.41221,-0.04527
Norbiton,NBT,51.41242,-0.28564
Anerley,ANZ,51.4125,-0.0651
Kingston,KNG,51.4129,-0.3019
Bracknell,BCE,51.413,-0.752
Upper Halliford,UPH,51.413,-0.431
Sundridge Park,SUP,51.41386,0.02147
Hampton Wick,HMW,51.4141,-0.3107
Ravensbourne,RVB,51.41422,-0.00756
Hungerford,HGD,51.415,-1.512
Queenborough,QBR,51.41574,0.7498
Hampton (London),HMP,51.4159,-0.3717
New Beckenham,NBC,51.41673,-0.03524
Elmstead Woods,ESD,51.41705,0.04403
Penge West,PNW,51.41749,-0.0607
Keynsham,KYN,51.41793,-2.49553
Crystal Palace,CYP,51.41806,-0.07277
Sunbury,SUU,51.41828,-0.41769
Streatham Common,SRC,51.4187,-0.1362
Penge East,PNE,51.41935,-0.05416
Nailsea & Backwell,NLS,51.41952,-2.7503
Tooting,TOO,51.4196,-0.1603
Kempton Park Racecourse,KMP,51.42106,-0.40958
Wimbledon,WIM,51.4232,-0.2043
Lower Sydenham,LSY,51.4245,-0.0336
Gipsy Hill,GIP,51.4246,-0.084
Beckenham Hill,BEC,51.42463,-0.01604
Teddington,TED,51.4247,-0.3325
Haydons Road,HYR,51.4255,-0.188
Streatham(Greater London),STE,51.42591,-0.13128
Higham (Kent),HGM,51.42666,0.46638
Sydenham (London),SYD,51.42722,-0.05449
Winnersh,WNS,51.43,-0.877
Egham,EGH,51.43,-0.547
Grove Park,GRP,51.4306,0.0219
Dinas Powys,DNS,51.4314,-3.2188
West Norwood,WNW,51.4318,-0.1035
Staines,SNS,51.432,-0.503
Sydenham Hill,SYH,51.4326,-0.0802
Theale,THE,51.433,-1.075
Parson Street,PSN,51.4332,-2.6086
Fulwell,FLW,51.4334,-0.3508
Sidcup,SID,51.43398,0.10365
Bellingham,BGM,51.4342,-0.0199
Penarth,PEN,51.4355,-3.1745
Albany Park,AYP,51.4358,0.1266
Winnersh Triangle,WTI,51.437,-0.891
Ashford (Surrey),AFS,51.437,-0.468
New Eltham,NEH,51.4375,0.0722
Eastbrook,EBK,51.4379,-3.2061
Streatham Hill,SRH,51.438,-0.1271
Strawberry Hill,STW,51.43916,-0.33935
Forest Hill,FOH,51.43941,-0.05308
Tulse Hill,TUH,51.4399,-0.1049
Dingle Road,DGL,51.44,-3.1801
Mottingham,MTG,51.44024,0.0501
Bedminster,BMT,51.4403,-2.5944
Bexley,BXY,51.4403,0.1479
Sheerness-on-Sea,SSS,51.44071,0.75828
West Dulwich,WDU,51.4409,-0.0906
Earley,EAR,51.441,-0.918
Gravesend,GRV,51.44132,0.36678
Earlsfield,EAD,51.4424,-0.1877
Balham,BAL,51.4426,-0.152
Ebbsfleet International,EBD,51.44289,0.32111
Catford,CTF,51.44438,-0.02623
Catford Bridge,CFB,51.4449,-0.02488
Northfleet,NFL,51.44597,0.32394
Cogan,CGN,51.4461,-3.1891
Wandsworth Common,WSW,51.4464,-0.1635
Dartford,DFD,51.44737,0.21962
Feltham,FEL,51.4481,-0.4088
Crayford,CRY,51.44827,0.17874
Bristol Temple Meads,BRI,51.449,-2.58
Swanscombe,SWM,51.4491,0.3098
Whitton (London),WTN,51.4495,-0.3578
Lee (London),LEE,51.44974,0.01394
Honor Oak Park,HPA,51.45005,-0.0455
Twickenham,TWI,51.4504,-0.3296
Greenhithe,GNH,51.4506,0.27923
Stone Crossing,SCG,51.4514,0.26382
Hither Green,HGR,51.45183,-0.00089
Herne Hill,HNH,51.4533,-0.1021
North Dulwich,NDL,51.4543,-0.0887
St Margarets (London),SMG,51.455,-0.3204
Reading West,RDW,51.45514,-0.99052
Crofton Park,CFT,51.45522,-0.03667
Eltham,ELW,51.45561,0.05206
Ladywell,LAD,51.45617,-0.01914
Wraysbury,WRY,51.458,-0.542
Lawrence Hill,LWH,51.4582,-2.5644
Heathrow Airport Terminal 4,HAF,51.4585,-0.447
Reading,RDG,51.459,-0.9722
Falconwood,FCN,51.45928,0.07977
Wandsworth Town,WNT,51.4609,-0.1879
Putney,PUT,51.4611,-0.2162
East Dulwich,EDW,51.4616,-0.0804
Hounslow,HOU,51.462,-0.3622
Kidbrooke,KDB,51.46221,0.02737
Tilbury Town,TIL,51.46248,0.35378
Chippenham,CPM,51.4625,-2.11525
Brixton,BRX,51.4629,-0.1132
Richmond (London),RMD,51.46306,-0.30056
Bexleyheath,BXH,51.46354,0.13353
Brockley,BCY,51.46458,-0.03759
Clifton Down,CFN,51.4646,-2.6109
Clapham Junction,CLJ,51.4646,-0.1705
Welling,WLI,51.46485,0.10196
Barnehurst,BNH,51.46502,0.15996
Lewisham,LEW,51.4653,-0.0133
North Sheen,NSH,51.4656,-0.2865
Clapham High Street,CLP,51.4658,-0.1328
Blackheath,BKH,51.4658,0.00879
Loughborough Junction,LGJ,51.4661,-0.102
Nunhead,NHD,51.46686,-0.0526
Cardiff Bay,CDB,51.4671,-3.1665
Barnes,BNS,51.4671,-0.242
Grangetown (Cardiff),GTN,51.4675,-3.1897
Stapleton Road,SRD,51.4675,-2.5661
Slade Green,SGR,51.46777,0.19021
Denmark Hill,DMK,51.46807,-0.0896
Mortlake,MTL,51.4682,-0.2672
Redland,RDA,51.4683,-2.5994
Montpelier,MTP,51.4684,-2.5887
St Johns (London),SAJ,51.46931,-0.02262
"Heathrow Airport Terminals 1, 2 and 3",HXX,51.46972,-0.45194
Peckham Rye,PMR,51.47004,-0.06932
Heathrow Airport Terminal 5,HWV,51.4701,-0.4905
Wandsworth Road,WWR,51.4702,-0.139
Sunnymeads,SNY,51.4703,-0.55933
Tilehurst,TLH,51.4715,-1.0295
Barnes Bridge,BNI,51.4722,-0.2523
Queens Road (Peckham),QRP,51.4736,-0.0573
Queenstown Road (Battersea),QRB,51.4748,-0.147
Isleworth,ISL,51.4749,-0.337
New Cross Gate,NXG,51.47513,-0.04038
Imperial Wharf,IMW,51.47517,-0.18281
Cardiff Central,CDF,51.4755,-3.178
Twyford,TWY,51.476,-0.863
Grays,GRY,51.47638,0.32174
Ninian Park,NNP,51.47639,-3.20111
New Cross,NWX,51.47664,-0.0327
Kew Gardens,KWG,51.4771,-0.2853
Battersea Park,BAK,51.4779,-0.1477
Greenwich,GNW,51.4781,-0.014
Deptford,DEP,51.47893,-0.02661
Sea Mills,SML,51.4799,-2.6498
Purfleet,PFL,51.481,0.237
Chiswick,CHK,51.4813,-0.2683
Erith,ERH,51.48167,0.17504
Syon Lane,SYL,51.4818,-0.3248
Cardiff Queen Street,CDQ,51.4819,-3.1703
Maze Hill,MZH,51.48268,0.00329
Windsor & Eton Central,WNC,51.483,-0.61
Datchet,DAT,51.48312,-0.57975
Westcombe Park,WCB,51.4842,0.01826
Shirehampton,SHH,51.4844,-2.6792
East Tilbury,ETL,51.48442,0.41267
Pangbourne,PAN,51.4853,-1.09
Vauxhall,VXH,51.4854,-0.1229
Windsor & Eton Riverside,WNR,51.48556,-0.60649
Chafford Hundred Lakeside,CFH,51.48558,0.28743
Charlton,CTN,51.48686,0.03232
Brentford,BFD,51.4875,-0.3096
South Bermondsey,SBM,51.48784,-0.05439
Waun-Gron Park,WNG,51.4882,-3.2296
Cathays,CYS,51.4891,-3.1793
Kew Bridge,KWB,51.4895,-0.2878
Plumstead,PLU,51.48977,0.08422
Woolwich Arsenal,WWA,51.48979,0.06962
Abbey Wood,ABW,51.4903,0.12113
Woolwich Dockyard,WWD,51.4913,0.0536
Gunnersbury,GUN,51.4918,-0.275
Belvedere,BVD,51.4927,0.1524
Surrey Quays,SQE,51.49319,-0.04752
Fairwater,FRW,51.494,-3.2339
Elephant & Castle,EPH,51.49406,-0.09874
Elephant & Castle (Underground),ZEL,51.4945,-0.1006
London Victoria,VIC,51.49571,-0.14437
Wargrave,WGV,51.498,-0.877
Canada Water,ZCW,51.498,-0.0495
Kensington Olympia,KPA,51.49861,-0.21083
South Acton,SAT,51.4994,-0.2707
Avonmouth,AVN,51.5001,-2.6992
Danescourt,DCT,51.5005,-3.2339
Rotherhithe,ROE,51.50081,-0.05205
High Street Kensington Underground,ZHS,51.5011,-0.1928
Hayes & Harlington,HAY,51.502,-0.4201
London Waterloo,WAT,51.50257,-0.11309
London Waterloo East,WAE,51.50408,-0.10834
Wapping,WPE,51.50439,-0.05593
Filton Abbey Wood,FIT,51.5049,-2.5624
London Bridge,LBG,51.505,-0.086
Shepherd's Bush,SPB,51.50513,-0.21756
Southall,STL,51.506,-0.3783
Bridgend,BGN,51.50694,-3.575
London Charing Cross,CHX,51.5075,-0.1231
Langley (Berks),LNY,51.508,-0.542
Llandaf,LLN,51.5085,-3.2292
Acton Central,ACC,51.5088,-0.2634
Iver,IVR,51.509,-0.507
West Drayton,WDT,51.50994,-0.47226
London Cannon Street,CST,51.5107,-0.09057
Shiplake,SHI,51.511,-0.883
Hanwell,HAN,51.5116,-0.3389
London Blackfriars,BFR,51.5116,-0.103
London Fenchurch Street,FST,51.51167,-0.07881
Shadwell,SDE,51.5117,-0.0567
Slough,SLO,51.5121,-0.5917
Limehouse,LHS,51.5124,-0.0397
St Andrews Road,SAR,51.5132,-2.6962
Bristol Parkway,BPW,51.5136,-2.5427
West Ealing,WEA,51.5137,-0.3203
City Thameslink,CTK,51.51392,-0.10349
Stanford-le-Hope,SFO,51.514,0.423
Ealing Broadway,EAL,51.5147,-0.3017
Heath Low Level,HLL,51.5159,-3.1823
Drayton Green,DRG,51.5165,-0.33
Radyr,RDR,51.51659,-3.24917
Heath High Level,HHL,51.5168,-3.1816
Rainham (Essex),RNM,51.5169,0.1905
Acton Main Line,AML,51.51714,-0.26757
London Paddington,PAD,51.5174,-0.17748
Moorgate,MOG,51.5186,-0.0886
London Liverpool Street,LST,51.5186,-0.0813
Maidenhead,MAI,51.519,-0.723
Whitechapel,ZWL,51.5195,-0.0597
Wildmill,WMI,51.5199,-3.58026
Barbican,ZBB,51.5203,-0.098
Coryton,COY,51.5204,-3.2319
Farringdon,ZFD,51.52055,-0.1051
Whitchurch (Cardiff),WHT,51.5208,-3.2222
Rhiwbina,RHI,51.5211,-3.214
Birchgrove,BCG,51.5213,-3.2027
Ty Glas,TGS,51.5217,-3.1971
Ockendon,OCK,51.52187,0.29019
Goring & Streatley,GOR,51.522,-1.1335
London Marylebone,MYB,51.52264,-0.16268
Castle Bar Park,CBP,51.5228,-0.3323
Pencoed,PCD,51.5233,-3.5022
Shoreditch High Street,SDC,51.52337,-0.07525
Bethnal Green,BET,51.52376,-0.06045
Pontyclun,PYC,51.5239,-3.3921
Taplow,TAP,51.524,-0.681
Burnham (Bucks),BNM,51.524,-0.646
Patchway,PWY,51.5258,-2.5623
Old Street,OLD,51.52581,-0.08709
Pyle,PYL,51.526,-3.698
Dagenham Dock,DDK,51.52611,0.14639
West Ham,WEH,51.52861,0.00472
London Euston,EUS,51.52872,-0.13433
London St Pancras International,STP,51.53045,-0.12548
Kensal Green,KNL,51.53075,-0.22479
Hoxton,HOX,51.53151,-0.07568
Shoeburyness,SRY,51.53153,0.79426
Cambridge Heath,CBH,51.53197,-0.05741
London Kings Cross,KGX,51.5321,-0.1233
London St Pancras (Intl),SPX,51.5322,-0.1269
Willesden Junction,WIJ,51.53267,-0.24547
Llanishen,LLS,51.5328,-3.1818
Furze Platt,FZP,51.53319,-0.72865
South Greenford,SGN,51.53328,-0.33647
Queens Park (London),QPW,51.5339,-0.20634
Henley-on-Thames,HOT,51.534,-0.9
Kensal Rise,KNR,51.53421,-0.22084
Harlesden,HDN,51.53639,-0.25778
Southend Central,SOC,51.53722,0.71167
Kilburn High Road,KBN,51.53736,-0.19187
Westcliff,WCF,51.53751,0.69111
Thorpe Bay,TPB,51.53769,0.7617
Llanharan,LLR,51.538,-3.441
Chalkwell,CHW,51.53867,0.66882
Haggerston,HGG,51.5387,-0.07567
Sarn,SRR,51.5388,-3.5898
Southend East,SOE,51.53892,0.73138
Barking,BKG,51.5393,0.0817
Barking Underground,ZBK,51.5394,0.0809
Essex Road,EXR,51.5406,-0.0963
Brondesbury Park,BSP,51.5407,-0.2103
South Hampstead,SOH,51.54078,-0.1802
Taffs Well,TAF,51.5409,-3.2635
Yate,YAE,51.5411,-2.4319
London Fields,LOF,51.5411,-0.05776
Leigh-on-Sea,LES,51.54124,0.63876
Stratford (London),SRA,51.5418,-0.0032
Camden Road,CMD,51.54192,-0.13956
Southend Victoria,SOV,51.54227,0.71151
Greenford,GFD,51.5426,-0.3463
Hackney Wick,HKW,51.54342,-0.02439
Caledonian Rd & Barnsbury,CIR,51.54345,-0.11492
Stonebridge Park,SBP,51.5442,-0.27543
Benfleet,BEF,51.54423,0.5613
Lisvane & Thornhill,LVT,51.5444,-3.1856
Stratford International,SFA,51.5448,-0.00875
Brondesbury,BSY,51.5451,-0.202
Maryland,MYL,51.546,0.0059
Highbury & Islington,HHY,51.5461,-0.1038
Dalston Junction,DLJ,51.5461,-0.0751
Kentish Town West,KTW,51.5468,-0.1468
Hackney Central,HKC,51.547,-0.0559
Homerton,HMN,51.547,-0.0431
Tondu,TDU,51.5474,-3.5952
West Hampstead,WHD,51.54746,-0.19133
Dalston Kingsland,DLK,51.5481,-0.0756
Canonbury,CNN,51.54854,-0.09251
West Hampstead Thameslink,WHP,51.54858,-0.19131
Hackney Downs,HAC,51.54868,-0.06068
Woodgrange Park,WGR,51.5487,0.0454
Forest Gate,FOG,51.5494,0.0242
Finchley Road & Frognal,FNY,51.5499,-0.1837
Kentish Town,KTN,51.55083,-0.14083
Prittlewell,PRL,51.55107,0.71047
Wanstead Park,WNP,51.5518,0.0264
Manor Park,MNP,51.5526,0.0463
Wembley Central,WMB,51.55263,-0.29663
Drayton Park,DYP,51.5528,-0.1055
Sudbury & Harrow Road,SUD,51.554,-0.3167
Wembley Stadium,WCX,51.55437,-0.28616
Gospel Oak,GPO,51.5552,-0.1514
Hampstead Heath,HDH,51.5553,-0.1654
Pilning,PIL,51.5563,-2.6265
South Ruislip,SRU,51.5565,-0.39882
Cookham,COO,51.557,-0.722
Northolt Park,NLT,51.5574,-0.3595
Rectory Road,REC,51.55857,-0.06836
Cricklewood,CRI,51.5586,-0.2129
Sudbury Hill Harrow,SDH,51.5589,-0.3358
Ilford,IFD,51.55912,0.06933
Upminster,UPM,51.55917,0.25111
Severn Beach,SVB,51.5598,-2.6642
Pitsea,PSE,51.56024,0.50755
Clapton,CPT,51.56136,-0.05707
North Wembley,NWB,51.5626,-0.30401
Leytonstone High Road,LER,51.5634,0.0073
Seven Kings,SVK,51.56397,0.09688
Finsbury Park,FPK,51.56465,-0.10637
Stoke Newington,SKW,51.56521,-0.07288
Goodmayes,GMY,51.5655,0.1109
Swindon (Wilts),SWI,51.5656,-1.7854
Upper Holloway,UHL,51.56667,-0.13333
Laindon,LAI,51.56748,0.42448
West Horndon,WHR,51.56788,0.34202
Trefforest Estate,TRE,51.56806,-3.29
Chadwell Heath,CTH,51.56809,0.12919
Basildon,BSO,51.56814,0.45662
Emerson Park,EMP,51.5687,0.2204
Southend Airport,SIA,51.5687,0.7051
Leyton Midland Road,LEM,51.56944,-0.00708
West Ruislip,WRU,51.56948,-0.43716
Cholsey,CHO,51.5701,-1.15837
South Kenton,SOK,51.57083,-0.30873
Marlow,MLW,51.571,-0.766
Crouch Hill,CRH,51.57136,-0.11701
Caerphilly,CPH,51.5715,-3.2186
Stamford Hill,SMH,51.57443,-0.07671
Romford,RMF,51.57477,0.18279
Aber,ABE,51.5749,-3.22987
Bourne End,BNE,51.577,-0.71
Harringay,HGY,51.577,-0.1052
Harringay Green Lanes,HRY,51.5774,-0.0977
Denham,DNM,51.579,-0.497
Harrow-on-the-Hill,HOH,51.5794,-0.337
Hendon,HEN,51.58,-0.2389
South Tottenham,STO,51.58041,-0.07193
Denham Golf Club,DGC,51.581,-0.518
St James Street (Walthamstow),SJS,51.581,-0.0323
Walthamstow Queen's Road,WMW,51.5817,-0.024
Rochford,RFD,51.58177,0.70199
Gidea Park,GDP,51.582,0.2063
Kenton,KNT,51.58214,-0.31723
Seven Sisters,SVS,51.58222,-0.07528
Walthamstow Central,WHC,51.58306,-0.01972
Severn Tunnel Junction,STJ,51.5842,-2.7771
Caldicot,CDT,51.5845,-2.7598
Hornsey,HRN,51.5862,-0.1116
Wood Street,WST,51.5864,-0.0021
Blackhorse Road,BHO,51.58694,-0.04139
Tottenham Hale,TOM,51.58833,-0.05972
Newport (South Wales),NWP,51.58898,-3.0001
Gerrards Cross,GER,51.589,-0.555
Rayleigh,RLG,51.58958,0.60057
Port Talbot Parkway,PTA,51.592,-3.781
Trefforest,TRF,51.592,-3.325
Harrow & Wealdstone,HRW,51.5925,-0.3355
Harold Wood,HRO,51.59322,0.23414
Bruce Grove,BCV,51.59367,-0.07004
Rogerstone,ROR,51.596,-3.067
Garth (Bridgend),GMG,51.5967,-3.6428
Alexandra Palace,AAP,51.59801,-0.12047
Pontypridd,PPD,51.5994,-3.3419
Northumberland Park,NUM,51.60198,-0.05397
Headstone Lane,HDL,51.6024,-0.35637
Llanbradach,LNB,51.6031,-3.2331
Hockley,HOC,51.60376,0.65837
White Hart Lane,WHL,51.605,-0.071
Maesteg (Ewenny Road),MEW,51.6053,-3.6483
Risca & Pontymister,RCA,51.60554,-3.09304
Bowes Park,BOP,51.607,-0.12062
Highams Park,HIP,51.6084,-0.0001
Hatch End,HTE,51.60954,-0.36813
Maesteg,MST,51.6096,-3.6547
Seer Green & Jordans,SRG,51.60972,-0.60778
Trehafod,TRH,51.6101,-3.3806
Didcot Parkway,DID,51.61123,-1.2425
Beaconsfield,BCF,51.61137,-0.64369
Porth,POR,51.6124,-3.4075
Mill Hill Broadway,MIL,51.61254,-0.24866
Angel Road,AGR,51.61285,-0.04899
Brentwood,BRE,51.61351,0.30078
New Southgate,NSG,51.6142,-0.1432
Baglan,BAJ,51.61444,-3.80944
Wickford,WIC,51.61495,0.51916
Silver Street,SLV,51.615,-0.073
Dinas (Rhondda),DMG,51.6174,-3.4371
Palmers Green,PAL,51.61853,-0.1103
Tonypandy,TNP,51.62,-3.4492
Crosskeys,CKY,51.6208,-3.1259
Edmonton Green,EDR,51.6242,-0.0614
Battlesbridge,BLB,51.6252,0.56611
Swansea,SWA,51.6253,-3.9409
Billericay,BIC,51.62894,0.41761
Carpenders Park,CPK,51.629,-0.386
High Wycombe,HWY,51.62953,-0.74492
Shenfield,SNF,51.63064,0.33001
Chingford,CHI,51.6331,0.0094
Llwynypia,LLY,51.6335,-3.4533
Burnham-on-Crouch,BUU,51.63366,0.81393
Winchmore Hill,WIH,51.6341,-0.1013
Oakleigh Park,OKL,51.6379,-0.1667
Briton Ferry,BNF,51.638,-3.819
Chepstow,CPW,51.6399,-2.6711
Appleford,APF,51.64,-1.242
Rickmansworth,RIC,51.64024,-0.47368
Ystrad Mynach,YSM,51.6407,-3.2417
Bush Hill Park,BHK,51.6418,-0.0691
Ponders End,PON,51.64295,-0.0348
Grange Park,GPK,51.6431,-0.0969
Abercynon,ACY,51.6432,-3.3292
Ystrad Rhondda,YSR,51.6436,-3.4668
Bushey,BSH,51.644,-0.385
Hengoed,HNG,51.6471,-3.2254
Althorne (Essex),ALN,51.64776,0.75212
Ton Pentre,TPN,51.6478,-3.4863
Southbury,SBU,51.64844,-0.05303
North Fambridge,NFA,51.6486,0.68244
Gowerton,GWN,51.6487,-4.0353
New Barnet,NBA,51.6488,-0.1738
South Woodham Ferrers,SOF,51.64949,0.60673
Enfield Town,ENF,51.6516,-0.0792
Watford High Street,WFH,51.6526,-0.39181
Enfield Chase,ENC,51.6529,-0.0908
Elstree & Borehamwood,ELS,51.6531,-0.2802
Culham,CUM,51.654,-1.237
Chorleywood,CLW,51.65417,-0.51833
Brimsdown,BMD,51.65515,-0.03091
Cwmbran,CWM,51.6572,-3.016
Treorchy,TRY,51.6574,-3.506
Penally,PNA,51.659,-4.722
Manorbier,MRB,51.66,-4.792
Quakers Yard,QYD,51.6604,-3.3231
Southminster,SMN,51.6606,0.83538
Skewen,SKE,51.661,-3.847
Llansamlet,LAS,51.6615,-3.8848
Neath,NTH,51.662,-3.807
Gordon Hill,GDH,51.6632,-0.0943
Watford Junction,WFJ,51.6635,-0.3958
Ynyswen,YNW,51.665,-3.5215
Newbridge,NBE,51.66581,-3.14281
Ingatestone,INT,51.66695,0.38398
Lamphey,LAM,51.667,-4.873
Chalfont & Latimer,CFO,51.6679,-0.561
Hadley Wood,HDW,51.6688,-0.1761
Pengam,PGM,51.6701,-3.2301
Penrhiwceiber,PER,51.6702,-3.3601
Enfield Lock,ENL,51.6709,-0.0284
Treherbert,TRB,51.6718,-3.5356
Bynea,BYE,51.672,-4.099
Tenby,TEN,51.6725,-4.70667
Turkey Street,TUR,51.67256,-0.04719
Pembroke,PMB,51.673,-4.906
Llanelli,LLE,51.674,-4.161
Amersham,AMR,51.67411,-0.6074
Saunderton,SDR,51.67595,-0.82547
Kemble,KEM,51.676,-2.023
Watford North,WFN,51.676,-0.39
Mountain Ash,MTA,51.6817,-3.3765
Pembrey & Burry Port,PBY,51.684,-4.248
Gilfach Fargoed,GFF,51.6842,-3.2274
Crews Hill,CWH,51.6845,-0.1072
Radlett,RDT,51.685,-0.317
Waltham Cross,WLC,51.685,-0.027
Radley,RAD,51.686,-1.24
Fernhill,FER,51.6866,-3.3959
Merthyr Vale,MEV,51.6866,-3.337
Garston (Hertfordshire),GSN,51.687,-0.382
Llangennech,LLH,51.691,-4.079
Theobalds Grove,TEO,51.692,-0.035
Bargoed,BGD,51.6928,-3.2299
Pembroke Dock,PMD,51.694,-4.938
Potters Bar,PBR,51.697,-0.194
Pontypool & New Inn,PPL,51.6974,-3.0133
Llanhilleth,LTH,51.70034,-3.13703
Cwmbach,CMH,51.7011,-3.4144
Cheshunt,CHN,51.703,-0.024
Great Missenden,GMN,51.7034,-0.7093
Bricket Wood,BWO,51.7058,-0.359
Kings Langley,KGL,51.706,-0.438
Cuffley,CUF,51.709,-0.11
Brithdir,BHD,51.71036,-3.22899
Troed-y-rhiw,TRD,51.712,-3.3464
Aberdare,ABA,51.7145,-3.442
Milford Haven,MFH,51.715,-5.041
Lydney,LYD,51.715,-2.531
Pontarddulais,PTD,51.717,-4.0454
How Wood (Herts),HWW,51.7175,-0.3448
Cam & Dursley,CDU,51.718,-2.359
Princes Risborough,PRR,51.718,-0.844
Tir-Phil,TIR,51.7209,-3.2459
Brookmans Park,BPK,51.721,-0.205
Saundersfoot,SDF,51.722,-4.717
Park Street,PKT,51.7249,-0.3402
Pentre-Bach,PTB,51.725,-3.3626
Kilgetty,KGT,51.732,-4.715
Apsley,APS,51.733,-0.463
Kidwelly,KWL,51.734,-4.317
Monks Risborough,MRS,51.7359,-0.82925
Welham Green,WMG,51.736,-0.211
Chelmsford,CHM,51.73648,0.46857
Hemel Hempstead,HML,51.742,-0.491
Merthyr Tydfil,MER,51.7444,-3.3773
St Albans Abbey,SAA,51.74472,-0.3425
Stroud (Gloucs),STD,51.745,-2.219
Stonehouse,SHU,51.746,-2.28
Pontlottyn,PLT,51.7466,-3.2794
Broxbourne,BXB,51.74697,-0.01105
St Albans,SAC,51.75072,-0.32712
Little Kimble,LTK,51.75228,-0.80856
Oxford,OXF,51.7534,-1.2703
Ebbw Vale Parkway,EBV,51.7567,-3.1961
Johnston (Pembs),JOH,51.757,-4.996
Bayford,BAY,51.758,-0.096
Rhymney,RHY,51.7589,-3.2896
Wendover,WND,51.76165,-0.74745
Berkhamsted,BKM,51.763,-0.562
Hatfield (Herts),HAT,51.76387,-0.21554
Ferryside,FYS,51.768,-4.369
Rye House,RYH,51.76938,0.00562
Haddenham & Thame Parkway,HDM,51.771,-0.9426
Roydon,RYN,51.77542,0.03525
Pantyffynnon,PTF,51.779,-3.997
Hatfield Peverel,HAP,51.78046,0.59307
Harlow Town,HWN,51.78106,0.09514
Stoke Mandeville,SKM,51.78759,-0.78401
St Margarets (Herts),SMT,51.788,0.001
Harlow Mill,HWM,51.79039,0.13195
Clacton-on-Sea,CLT,51.79443,1.15438
Ammanford,AMF,51.796,-3.997
Narberth,NAR,51.799,-4.727
Hertford North,HFN,51.799,-0.092
Hertford East,HFE,51.799,-0.073
Tring,TRI,51.801,-0.622
Welwyn Garden City,WGC,51.80103,-0.20441
Haverfordwest,HVF,51.803,-4.96
Witham,WTM,51.80592,0.63947
Ware (Herts),WAR,51.808,-0.029
Aylesbury,AYS,51.81339,-0.81429
Sawbridgeworth,SAW,51.81427,0.16046
Harpenden,HPD,51.815,-0.352
Abergavenny,AGV,51.8167,-3.0088
Whitland,WTL,51.818,-4.614
Llandybie,LLI,51.821,-4.004
Welwyn North,WLW,51.824,-0.192
Hanborough,HND,51.82516,-1.37353
Islip,ISP,51.826,-1.238
Aylesbury Vale Parkway,AVP,51.83187,-0.8612
Combe (Oxon),CME,51.832,-1.393
Frinton-on-Sea,FRI,51.8378,1.24267
White Notley,WNY,51.83911,0.59548
Kelvedon,KEL,51.84078,0.70232
Clunderwen,CUW,51.841,-4.732
Kirby Cross,KBX,51.84145,1.21395
Walton-on-the-Naze,WON,51.84618,1.2677
Thorpe-le-Soken,TLS,51.84791,1.16048
Great Bentley,GRB,51.85192,1.06615
Clarbeston Road,CLR,51.852,-4.884
Cressing (Essex),CES,51.85213,0.57808
Weeley,WEE,51.85289,1.11468
Carmarthen,CMN,51.853,-4.306
Finstock,FIN,51.853,-1.469
Alresford (Essex),ALR,51.85401,0.99659
Watton-at-Stone,WAS,51.85689,-0.11983
Wivenhoe,WIV,51.85711,0.95506
Cheddington,CED,51.85833,-0.66222
Gloucester,GCR,51.865,-2.239
Shipton,SIP,51.866,-1.593
Bishops Stortford,BIS,51.86662,0.1652
Ascott-under-Wychwood,AUW,51.867,-1.564
Knebworth,KBW,51.867,-0.187
Braintree Freeport,BTP,51.86949,0.56817
Ffairfach,FFA,51.872,-3.993
Charlbury,CBY,51.872,-1.49
Luton Airport Parkway,LTN,51.873,-0.396
Braintree,BTR,51.87528,0.55694
Marks Tey,MKT,51.88075,0.78276
Tackley,TAC,51.8815,-1.29756
Luton,LUT,51.88227,-0.41432
Llandeilo,LLL,51.885,-3.987
Hythe (Essex),HYH,51.88603,0.92709
Colchester Town,CET,51.88647,0.90458
Stansted Airport,SSD,51.88882,0.26119
Bicester Town,BIT,51.8929,-1.1487
Cheltenham Spa,CNM,51.89721,-2.09988
Colchester,COL,51.90053,0.89259
Stansted Mountfitchet,SST,51.9013,0.19941
Stevenage,SVG,51.90159,-0.20705
Kingham,KGM,51.902,-1.629
Bicester North,BCS,51.90338,-1.15111
Leagrave,LEA,51.90517,-0.45869
Leighton Buzzard,LBZ,51.91631,-0.677
Heyford,HYD,51.919,-1.299
Elsenham (Essex),ESM,51.92019,0.22837
Chappel & Wakes Colne,CWC,51.92586,0.75859
Dovercourt,DVC,51.93882,1.28056
Wrabness,WRB,51.93953,1.17176
Llangadog,LLG,51.94,-3.893
Mistley,MIS,51.9436,1.08193
Harwich Town,HWC,51.94434,1.28659
Harwich International,HPQ,51.94722,1.25562
Manningtree,MNG,51.94919,1.0457
Hitchin,HIT,51.95246,-0.26224
Harlington (Beds),HLN,51.962,-0.496
Llanwrda,LNR,51.963,-3.872
Felixstowe,FLX,51.967,1.35
Bures,BUE,51.97119,0.76908
Trimley,TRM,51.97677,1.31915
Newport (Essex),NWE,51.97976,0.21531
Letchworth Garden City,LET,51.98045,-0.22853
Moreton-in-Marsh,MIM,51.992,-1.7
Baldock,BDK,51.99305,-0.18683
Llandovery,LLV,51.995,-3.803
Bletchley,BLY,51.995,-0.736
Ashchurch for Tewkesbury,ASC,51.999,-2.109
Fenny Stratford,FEN,52,-0.718
Flitwick,FLT,52.004,-0.495
Bow Brickhill,BWB,52.00431,-0.69607
Audley End,AUD,52.0045,0.2073
Fishguard & Goodwick,FGW,52.0116,-4.9856
Fishguard Harbour,FGH,52.012,-4.986
Woburn Sands,WOB,52.01811,-0.65454
Kings Sutton,KGS,52.021,-1.281
Aspley Guise,APG,52.02122,-0.63253
Arlesey,ARL,52.02581,-0.26642
Ridgmont,RID,52.02644,-0.59482
Ashwell & Morden,AWM,52.03077,-0.10948
Milton Keynes Central,MKC,52.0347,-0.773
Sudbury (Suffolk),SUY,52.03623,0.73568
Lidlington,LID,52.04157,-0.55903
Ledbury,LED,52.045,-2.425
Derby Road (Ipswich),DBR,52.0504,1.18282
Ipswich,IPS,52.05046,1.14446
Cynghordy,CYN,52.052,-3.748
Royston,RYS,52.05323,-0.0269
Millbrook (Beds),MLB,52.05412,-0.53252
Great Chesterford,GRC,52.05996,0.1931
Banbury,BAN,52.06045,-1.32774
Hereford,HFD,52.06139,-2.70833
Wolverton,WOL,52.0653,-0.80357
Stewartby,SWR,52.06884,-0.52092
Colwall,CWL,52.08,-2.357
Westerfield,WFI,52.0811,1.1664
Sugar Loaf,SUG,52.082,-3.687
Biggleswade,BIW,52.085,-0.261
Woodbridge,WDB,52.09019,1.31771
Meldreth,MEL,52.0909,0.00919
Kempston Hardwick,KMH,52.092,-0.504
Evesham,EVE,52.09793,-1.9474
Honeybourne,HYB,52.101,-1.835
Melton (Suffolk),MES,52.1043,1.33816
Whittlesford Parkway,WLF,52.10457,0.16578
Llanwrtyd,LNW,52.105,-3.632
Great Malvern,GMV,52.109,-2.318
Llangammarch,LLM,52.114,-3.555
Shepreth,STH,52.11442,0.03159
Foxton,FXN,52.11938,0.05713
Malvern Link,MVL,52.125,-2.32
Sandy,SDY,52.125,-0.281
Bedford St Johns,BSJ,52.1294,-0.4677
Pershore,PSH,52.13,-2.072
Garth (Powys),GTH,52.133,-3.53
Bedford,BDM,52.13639,-0.47944
Shelford (Cambs),SED,52.14916,0.13985
Wickham Market,WCM,52.1509,1.39856
Cilmeri,CIM,52.151,-3.457
Needham Market,NMT,52.15242,1.05573
Builth Road,BHR,52.169,-3.427
Stowmarket,SMK,52.18977,1.00023
Stratford-upon-Avon,SAV,52.194,-1.716
Cambridge,CBG,52.1941,0.13776
Stratford-upon-Avon Parkway,STY,52.1943,-1.7163
Worcester Shrub Hill,WOS,52.195,-2.209
Worcester Foregate Street,WOF,52.19515,-2.22144
Dullingham,DUL,52.20153,0.36596
Saxmundham,SAX,52.21527,1.49033
Wilmcote,WMC,52.2226,-1.7559
Leominster,LEO,52.225,-2.73
St Neots,SNO,52.232,-0.247
Newmarket,NMK,52.23761,0.40604
Elmswell,ESW,52.23813,0.91252
Northampton,NMP,52.2383,-0.9071
Llandrindod,LLO,52.242,-3.379
Bearley,BER,52.245,-1.7497
Thurston,TRS,52.24991,0.80855
Bury St Edmunds,BSE,52.25363,0.71247
Waterbeach,WBC,52.26292,0.19741
Wootton Wawen,WWW,52.266,-1.785
Droitwich Spa,DTW,52.268,-2.158
Darsham,DSM,52.27333,1.52361
Pen-y-Bont,PNY,52.274,-3.322
Claverdon,CLV,52.2771,-1.6965
Kennett,KNE,52.27721,0.49049
Leamington Spa,LMS,52.285,-1.536
Warwick Parkway,WRP,52.286,-1.612
Warwick,WRW,52.287,-1.582
Henley-in-Arden,HNL,52.291,-1.784
Dolau,DOL,52.295,-3.264
Long Buckby,LBK,52.295,-1.086
Hatton,HTN,52.29528,-1.67298
Wellingborough,WEL,52.304,-0.6764
Redditch,RDC,52.306,-1.945
Bromsgrove,BMV,52.323,-2.048
Danzey,DZY,52.324,-1.821
Huntingdon,HUN,52.32882,-0.19251
Hartlebury,HBY,52.334,-2.221
Llanbister Road,LLT,52.336,-3.213
Lapworth,LPW,52.342,-1.7257
Wood End,WDE,52.344,-1.845
Knighton,KNI,52.345,-3.042
Alvechurch,ALV,52.346,-1.968
Halesworth,HAS,52.34693,1.50582
Llangynllo,LGO,52.35,-3.16167
Bucknell,BUK,52.3573,-2.948
The Lakes (Warks),TLK,52.3591,-1.8448
Knucklas,KNU,52.36,-3.097
Barnt Green,BTG,52.3607,-1.9926
Earlswood (West Midlands),EWD,52.3667,-1.8614
Ludlow,LUD,52.371,-2.716
Dorridge,DDG,52.372,-1.753
Diss,DIS,52.37339,1.12334
Rugby,RUG,52.379,-1.25
Wythall,WYT,52.38,-1.866
Kidderminster,KID,52.38425,-2.23844
Ely,ELY,52.39053,0.26648
Hopton Heath,HPT,52.391,-2.912
Whitlocks End,WTE,52.392,-1.852
Kettering,KET,52.39307,-0.73215
Tile Hill,THL,52.3951,-1.597
Brampton (Suffolk),BRP,52.39515,1.54362
Longbridge,LOB,52.396,-1.98
Widney Manor,WMR,52.396,-1.774
Berkswell,BKW,52.396,-1.643
Canley,CNL,52.399,-1.548
Coventry,COV,52.40087,-1.51405
Shirley,SRL,52.403,-1.845
Blakedown,BKD,52.406,-2.176
Northfield,NFD,52.408,-1.964
Kings Norton,KNN,52.413,-1.934
Aberystwyth,AYW,52.41378,-4.08155
Solihull,SOL,52.41472,-1.78889
Thetford,TTF,52.41915,0.74534
Hagley,HAG,52.422,-2.147
Yardley Wood,YRD,52.422,-1.854
Broome,BME,52.423,-2.885
Bournville,BRV,52.427,-1.926
Hampton-in-Arden,HIA,52.429,-1.7
Shippea Hill,SPP,52.43,0.413
Hall Green,HLG,52.437,-1.845
Olton,OLT,52.439,-1.804
Selly Oak,SLY,52.441,-1.935
Craven Arms,CRV,52.44257,-2.83739
Spring Road,SRI,52.444,-1.836
Lakenheath,LAK,52.44744,0.53469
Stourbridge Junction,SBJ,52.448,-2.134
Acocks Green,ACG,52.449,-1.818
University (Birmingham),UNI,52.451,-1.936
Birmingham International,BHI,52.451,-1.725
Harling Road,HRD,52.45382,0.90903
Brandon,BND,52.45398,0.62462
Tyseley,TYS,52.454,-1.839
Stourbridge Town,SBT,52.455,-2.142
Beccles,BCC,52.45858,1.56966
Lye (West Midlands),LYE,52.46,-2.11556
Littleport,LTP,52.4623,0.3164
Small Heath,SMA,52.463,-1.858
Marston Green,MGN,52.467,-1.756
Oulton Broad South,OUS,52.46961,1.70766
Eccles Road,ECS,52.46997,0.9698
Cradley Heath,CRA,52.47,-2.09
Five Ways,FWY,52.47,-1.913
Old Hill,OHL,52.471,-2.056
Bordesley,BBS,52.471,-1.877
Lowestoft,LWT,52.47432,1.74835
Rowley Regis,ROW,52.477,-2.031
Oulton Broad North,OUN,52.4777,1.71613
Birmingham New Street,BHM,52.47777,-1.89885
Birmingham Moor Street,BMO,52.479,-1.893
Bedworth,BEH,52.479,-1.467
Lea Hall,LEH,52.48,-1.786
Market Harborough,MHR,52.48,-0.9094
Birmingham Snow Hill,BSW,52.483,-1.899
Adderley Park,ADD,52.483,-1.855
Stechford,SCF,52.484,-1.811
Duddeston,DUD,52.488,-1.871
Corby,COR,52.48924,-0.68817
Jewellery Quarter,JEQ,52.4897,-1.9136
Borth,BRH,52.491,-4.05
Langley Green,LGG,52.494,-2.005
Smethwick Rolfe Street,SMR,52.496,-1.971
Manea,MNE,52.49781,0.17778
Smethwick Galton Bridge,SGB,52.50222,-1.98028
Aston,AST,52.504,-1.872
The Hawthorns,THW,52.505,-1.964
Sandwell & Dudley,SAD,52.50864,-2.01178
Somerleyton,SYT,52.51013,1.6522
Witton (West Midlands),WTT,52.512,-1.883
Newtown (Powys),NWT,52.51222,-3.31194
Attleborough,ATL,52.51416,1.0217
Gravelly Hill,GVH,52.515,-1.853
Caersws,CWS,52.516,-3.433
Perry Barr,PRY,52.516,-1.902
Coleshill Parkway,CEH,52.517,-1.708
Water Orton,WTO,52.51861,-1.74389
Dudley Port,DDP,52.525,-2.049
Nuneaton,NUN,52.52639,-1.46361
Erdington,ERD,52.528,-1.839
Haddiscoe,HAD,52.52817,1.62361
Tipton,TIP,52.53,-2.066
Hamstead (Birmingham),HSD,52.53,-1.928
Chester Road,CRD,52.535,-1.832
Hinckley (Leics),HNK,52.535,-1.372
Spooner Row,SPN,52.53515,1.08643
Church Stretton,CTT,52.537,-2.803
Aberdovey,AVY,52.544,-4.057
Coseley,CSY,52.545,-2.086
Penhelig,PHG,52.546,-4.035
Wylde Green,WYL,52.546,-1.831
Whittlesea,WLE,52.54957,-0.11736
Tame Bridge Parkway,TAB,52.55226,-1.97599
March,MCH,52.56011,0.09104
Bescot Stadium,BSC,52.562,-1.991
Dovey Junction,DVY,52.564,-3.924
Sutton Coldfield,SUT,52.564,-1.824
Reedham (Norfolk),REE,52.56442,1.55948
Wymondham,WMD,52.56544,1.11836
Narborough,NBR,52.57121,-1.20318
Peterborough,PBO,52.57508,-0.25072
Cantley,CNY,52.57877,1.51341
Atherstone,ATH,52.579,-1.553
Four Oaks,FOK,52.58,-1.82806
South Wigston,SWS,52.58237,-1.13394
Walsall,WSL,52.584,-1.9851
Tywyn,TYW,52.58481,-4.09216
Wolverhampton,WVH,52.5875,-2.12
Berney Arms,BYA,52.5902,1.63106
Butlers Lane,BUL,52.59306,-1.83889
Machynlleth,MCN,52.595,-3.855
Buckenham (Norfolk),BUC,52.59781,1.46987
Downham Market,DOW,52.60458,0.36574
Blake Street,BKT,52.605,-1.845
Wilnecote (Staffs),WNE,52.611,-1.679
Great Yarmouth,GYM,52.61244,1.72054
Tonfanau,TNF,52.61355,-4.12374
Bloxwich,BLX,52.618,-2.011
Brundall,BDA,52.61924,1.4395
Lingwood,LGD,52.62206,1.48997
Brundall Gardens,BGA,52.62337,1.41836
Bilbrook,BBK,52.624,-2.186
Bloxwich North,BWN,52.626,-2.019
Polesworth,PSW,52.626,-1.61
Norwich,NRW,52.62641,1.30724
Codsall,CSL,52.627,-2.202
Leicester,LEI,52.632,-1.124
Acle,ACL,52.6347,1.5442
Tamworth,TAM,52.6375,-1.6865
Albrighton,ALB,52.63778,-2.26833
Shenstone,SEN,52.639,-1.844
Cosford,COS,52.645,-2.306
Stamford (Lincs),SMD,52.648,-0.4798
Landywood,LAW,52.657,-2.021
Welshpool,WLP,52.658,-3.14
Shifnal,SFN,52.666,-2.372
Llwyngwril,LLW,52.667,-4.088
Oakham,OKM,52.6725,-0.73444
Watlington,WTG,52.67293,0.38312
Salhouse,SAH,52.67556,1.39137
Lichfield City,LIC,52.68,-1.825
Telford Central,TFC,52.681,-2.441
Cannock,CAO,52.686,-2.022
Lichfield Trent Valley,LTV,52.6869,-1.8002
Oakengates,OKN,52.693,-2.45
Syston,SYS,52.69417,-1.0825
Fairbourne,FRB,52.696,-4.049
Wellington (Shropshire),WLN,52.7015,-2.517
Morfa Mawddach,MFA,52.70708,-4.03211
Hednesford,HNF,52.71,-2.002
Shrewsbury,SHR,52.71187,-2.74944
Hoveton & Wroxham,HXM,52.71562,1.40805
Barmouth,BRM,52.72288,-4.05653
Penkridge,PKG,52.724,-2.119
Sileby,SIL,52.73123,-1.10956
Llanaber,LLA,52.74159,-4.07713
Barrow-Upon-Soar,BWS,52.74941,-1.14554
Kings Lynn,KLN,52.75375,0.40406
Rugeley Town,RGT,52.754,-1.937
Melton Mowbray,MMO,52.761,-0.886
Rugeley Trent Valley,RGL,52.77,-1.93
Talybont,TLB,52.773,-4.097
Worstead,WRT,52.77754,1.40393
Loughborough,LBO,52.77907,-1.19605
Spalding,SPA,52.7889,-0.1569
Dyffryn Ardudwy,DYF,52.789,-4.105
Stafford,STA,52.80359,-2.12307
Burton-on-Trent,BUT,52.806,-1.642
Yorton,YRT,52.809,-2.736
North Walsham,NWA,52.81679,1.3846
Llanbedr,LBR,52.821,-4.11
Pensarn (Gwynedd),PES,52.831,-4.112
Llandanwg,LDN,52.83622,-4.12367
Willington,WIL,52.85345,-1.56409
Wem,WEM,52.856,-2.719
Harlech,HRL,52.861,-4.109
East Midlands Parkway,EMD,52.863,-1.263
Tutbury & Hatton,TUT,52.864,-1.682
Norton Bridge,NTB,52.86583,-2.19028
Gunton,GNT,52.86636,1.34922
Long Eaton,LGE,52.885,-1.28722
Pwllheli,PWL,52.888,-4.417
Gobowen,GOB,52.8935,-3.0371
Tygwyn,TYG,52.894,-4.079
Peartree,PEA,52.89602,-1.47446
Uttoxeter,UTT,52.8968,-1.85652
Abererch,ABH,52.898,-4.375
Prees,PRS,52.8992,-2.6895
Penychain,PNC,52.9029,-4.3387
Talsarnau,TAL,52.904,-4.068
Grantham,GRA,52.906,-0.642
Attenborough,ATB,52.90667,-1.23139
Stone (Staffs),SNE,52.908,-2.155
Spondon,SPO,52.91194,-1.41056
Derby,DBY,52.9161,-1.4633
Roughton Road,RNR,52.91786,1.30016
Criccieth,CCC,52.918,-4.238
Beeston,BEE,52.92056,-1.20806
Llandecwyn,LLC,52.921,-4.057
Minffordd,MFF,52.926,-4.08492
Penrhyndeudraeth,PRH,52.92876,-4.06448
Cromer,CMR,52.93006,1.29171
Porthmadog,PTM,52.93091,-4.13541
Chirk,CRK,52.933,-3.066
West Runton,WRN,52.93551,1.24606
Sheringham,SHM,52.94136,1.21076
Barlaston,BRT,52.943,-2.168
Bottesford,BTF,52.94472,-0.79528
Nottingham,NOT,52.94729,-1.14481
Radcliffe-on-Trent,RDF,52.94889,-1.03667
Wedgwood,WED,52.951,-2.171
Aslockton,ALK,52.95167,-0.89861
Elton & Orston,ELO,52.95167,-0.85583
Bingham,BIN,52.95417,-0.95139
Netherfield,NET,52.96139,-1.07917
Carlton,CTO,52.96444,-1.07972
Blythe Bridge,BYB,52.96774,-2.06667
Whitchurch (Shropshire),WTC,52.968,-2.6716
Swineshead,SWE,52.96969,-0.18725
Hubberts Bridge,HBB,52.9754,-0.1101
Heckington,HEC,52.97727,-0.29402
Boston,BSN,52.978,-0.031
Burton Joyce,BUJ,52.98306,-1.04167
Rauceby,RAU,52.98519,-0.45626
Ruabon,RUA,52.98718,-3.04336
Ancaster,ANC,52.98772,-0.53594
Duffield,DFI,52.98813,-1.48581
Longton,LGN,52.99,-2.137
Blaenau Ffestiniog,BFF,52.9946,-3.93838
Sleaford,SLR,52.99549,-0.41035
Bulwell,BLW,52.99972,-1.19556
Lowdham,LOW,53.00667,-0.99806
Stoke-on-Trent,SOT,53.0081,-2.181
Langley Mill,LGM,53.018,-1.331
Wrenbury,WRE,53.02,-2.596
Belper,BLP,53.0242,-1.48256
Thurgarton,THU,53.02917,-0.96194
Hucknall,HKN,53.03806,-1.19556
Ruskington,RKT,53.04143,-0.3805
Bleasby,BSB,53.04167,-0.94333
Longport,LPT,53.04208,-2.21671
Roman Bridge,RMB,53.044,-3.922
Wrexham Central,WXC,53.046,-2.999
Wrexham General,WRX,53.05083,-3.00139
Dolwyddelan,DWD,53.052,-3.885
Fiskerton,FSK,53.06056,-0.91194
Ambergate,AMB,53.061,-1.481
Nantwich,NAN,53.063,-2.519
Pont-y-Pant,PYP,53.065,-3.863
Rolleston,ROL,53.06528,-0.89972
Newstead,NSD,53.07,-1.22167
Gwersyllt,GWE,53.073,-3.018
Newark Castle,NCT,53.08056,-0.81333
Newark North Gate,NNG,53.081,-0.799
Whatstandwell,WTS,53.08347,-1.50429
Kidsgrove,KDG,53.0863,-2.2446
Crewe,CRE,53.089,-2.433
Betws-y-Coed,BYC,53.092,-3.801
Alsager,ASG,53.0928,-2.2981
Cefn-y-Bedd,CYB,53.099,-3.031
Alfreton,ALF,53.1,-1.37
Kirkby-in-Ashfield,KKB,53.10028,-1.25306
Wainfleet,WFL,53.105,0.235
Caergwrle,CGW,53.10778,-3.03306
Cromford,CMF,53.113,-1.549
Sutton Parkway,SPK,53.11389,-1.24583
Havenhouse,HVN,53.1147,0.27314
Hope (Flintshire),HPE,53.11696,-3.03731
Matlock Bath,MTB,53.122,-1.558
Thorpe Culvert,TPC,53.12303,0.19937
Matlock,MAT,53.13808,-1.55856
Metheringham,MGM,53.139,-0.391
Mansfield,MFT,53.14222,-1.19861
Penyffordd,PNF,53.143,-3.055
Skegness,SKG,53.143,0.334
Llanrwst,LWR,53.144,-3.803
North Llanrwst,NLR,53.144,-3.803
Collingham,CLM,53.14444,-0.74917
Sandbach,SDB,53.15,-2.394
Congleton,CNG,53.158,-2.193
Buckley,BCK,53.163,-3.056
Mansfield Woodhouse,MSW,53.16306,-1.20139
Swinderby,SWD,53.16935,-0.70274
Hawarden,HWD,53.185,-3.032
Dolgarrog,DLG,53.186,-3.823
Winsford,WSF,53.191,-2.495
Hykeham,HKM,53.19519,-0.59985
Chester,CTR,53.19692,-2.88005
Holmes Chapel,HCH,53.199,-2.351
Bodorgan,BOR,53.204,-4.418
Shirebrook,SHB,53.20414,-1.20261
Bache,BAC,53.208,-2.8914
Shotton,SHT,53.213,-3.038
Hawarden Bridge,HWB,53.21817,-3.03212
Llanfairpwll,LPG,53.221,-4.209
Bangor (Gwynedd),BNG,53.222,-4.136
Ty Croes,TYC,53.223,-4.475
Goostrey,GTR,53.223,-2.326
Lincoln Central,LCN,53.226,-0.539
Tal-y-Cafn,TLC,53.228,-3.818
Delamere,DLM,53.229,-2.667
Mouldsworth,MLD,53.232,-2.732
Langwith-Whaley Thorns,LAG,53.23269,-1.20928
Rhosneigr,RHO,53.235,-4.507
Chesterfield,CHD,53.23822,-1.41972
Cuddington,CUD,53.24,-2.599
Hartford (Cheshire),HTF,53.24177,-2.55362
Flint,FLN,53.25,-3.133
Greenbank,GBK,53.25139,-2.53389
Llanfairfechan,LLF,53.257,-3.983
Macclesfield,MAC,53.2595,-2.1217
Capenhurst,CPU,53.26,-2.942
Northwich,NWI,53.261,-2.497
Buxton,BUX,53.261,-1.913
Creswell,CWD,53.26389,-1.21639
Acton Bridge (Cheshire),ACB,53.2664,-2.6029
Glan Conwy,GCW,53.267,-3.798
Saxilby,SXY,53.267,-0.664
Lostock Gralam,LTG,53.268,-2.465
Penmaenmawr,PMW,53.27,-3.924
Chelford (Cheshire),CEL,53.271,-2.28
Helsby,HSB,53.275,-2.771
Plumley,PLM,53.275,-2.42
Ince & Elton,INE,53.277,-2.816
Stanlow & Thornton,SNT,53.278,-2.841
Conwy,CNW,53.28,-3.831
Whitwell (Derbyshire),WWL,53.28,-1.20056
Valley,VAL,53.281,-4.563
Ellesmere Port,ELP,53.282,-2.896
Llandudno Junction,LLJ,53.284,-3.809
Overpool,OVE,53.284,-2.925
Little Sutton,LTT,53.286,-2.943
Neston,NES,53.292,-3.064
Prestbury,PRB,53.293,-2.145
Deganwy,DGY,53.295,-3.833
Abergele & Pensarn,AGL,53.295,-3.583
Colwyn Bay,CWB,53.296,-3.725
Frodsham,FRD,53.296,-2.723
Hooton,HOO,53.297,-2.977
Dove Holes,DVH,53.2998,-1.89043
Dronfield,DRO,53.30128,-1.46894
Knutsford,KNF,53.30194,-2.37167
Alderley Edge,ALD,53.304,-2.237
Grindleford,GRN,53.306,-1.626
Holyhead,HHD,53.308,-4.631
Eastham Rake,ERA,53.308,-2.981
Worksop,WRK,53.31167,-1.12278
Chapel-en-le-Frith,CEF,53.312,-1.919
Retford,RET,53.31528,-0.94795
Rhyl,RHL,53.318,-3.489
Adlington (Cheshire),ADC,53.32,-2.134
Llandudno,LLD,53.321,-3.827
Bromborough,BOM,53.322,-2.988
Shireoaks,SRO,53.325,-1.168
Hathersage,HSG,53.326,-1.651
Runcorn East,RUE,53.327,-2.665
Wilmslow,WML,53.327,-2.226
Dore & Totley,DOR,53.32757,-1.51544
Heswall,HSW,53.33,-3.074
Bromborough Rake,BMR,53.33,-2.989
Mobberley,MOB,53.33,-2.333
Whaley Bridge,WBR,53.33,-1.985
Prestatyn,PRT,53.336,-3.407
Kiveton Park,KVP,53.3368,-1.2394
Bamford,BAM,53.3389,-1.689
Runcorn,RUN,53.339,-2.739
Spital,SPI,53.34,-2.994
Chinley,CLY,53.34,-1.944
Kiveton Bridge,KIV,53.34046,-1.26575
Handforth,HTH,53.346,-2.213
Hope (Derbyshire),HOP,53.346,-1.729
Styal,SYA,53.348,-2.24
Dublin Ferryport,DFP,53.3488,-6.1964
Port Sunlight,PSL,53.349,-2.998
Furness Vale,FNV,53.349,-1.989
Dublin Port - Stena,DPS,53.3498,-6.1972
Poynton,PYT,53.3503,-2.13447
Ashley,ASY,53.356,-2.341
Liverpool South Parkway,LPY,53.3577,-2.8897
Bebington,BEB,53.358,-3.004
Disley,DSL,53.358,-2.042
Cressington,CSG,53.35879,-2.91203
Hunts Cross,HNX,53.36,-2.856
Middlewood,MDL,53.36,-2.083
New Mills Newtown,NMN,53.36,-2.009
Bramhall,BML,53.36044,-2.16287
Woodhouse,WDH,53.36382,-1.35753
Edale,EDL,53.36443,-1.81663
Halewood,HED,53.3645,-2.8299
Aigburth,AIG,53.36464,-2.92696
Manchester Airport,MIA,53.365,-2.27306
New Mills Central,NMC,53.365,-2.006
Heald Green,HDG,53.36957,-2.23664
West Allerton,WSA,53.3696,-2.9075
Hough Green,HGN,53.3725,-2.775
West Kirby,WKI,53.373,-3.184
Rock Ferry,RFY,53.373,-3.011
Strines,SRN,53.375,-2.033
St Michaels,STM,53.37572,-2.95303
Cheadle Hulme,CHU,53.3763,-2.18778
Hazel Grove,HAZ,53.3777,-2.1226
Sheffield,SHF,53.378,-1.462
Widnes,WID,53.37867,-2.73374
Hale (Manchester),HAL,53.37889,-2.3475
Mossley Hill,MSH,53.37904,-2.91537
Green Lane,GNL,53.383,-3.016
Brunswick,BRW,53.38315,-2.97601
Market Rasen,MKR,53.384,-0.337
Darnall,DAN,53.3845,-1.4123
Upton (Merseyside),UPT,53.38583,-3.08389
Warrington Bank Quay,WBQ,53.386,-2.603
Gainsborough Lea Road,GBL,53.386,-0.76914
Woodsmoor,WSR,53.3862,-2.14155
Altrincham,ALT,53.3875,-2.34722
Birkenhead Central,BKC,53.389,-3.019
Hoylake,HYK,53.39,-3.179
Davenport,DVN,53.3908,-2.1523
Warrington Central,WAC,53.3918,-2.593
Sankey for Penketh,SNK,53.3923,-2.6506
Gatley,GTY,53.39291,-2.23084
Conway Park,CNP,53.393,-3.023
Manor Road,MNR,53.395,-3.171
Birkenhead Hamilton Square,BKQ,53.395,-3.014
Navigation Road,NVR,53.39528,-2.34333
Rose Hill Marple,RSH,53.396,-2.076
Birkenhead Park,BKP,53.398,-3.039
Meols,MEO,53.399,-3.154
Gainsborough Central,GNB,53.399,-0.7696
Marple,MPL,53.401,-2.057
Edge Hill,EDG,53.4025,-2.94639
Liverpool James Street,LVJ,53.40476,-2.99196
Birkenhead North,BKN,53.405,-3.057
Liverpool Central,LVC,53.405,-2.979
Stockport,SPT,53.405,-2.16278
Wavertree Technology Park,WAV,53.40521,-2.92281
Padgate,PDG,53.4057,-2.557
Broad Green,BGE,53.406,-2.893
Liverpool Lime Street,LIV,53.4073,-2.9777
Moreton (Merseyside),MRT,53.408,-3.113
Leasowe,LSW,53.408,-3.1
Moorfields,MRF,53.4086,-2.9892
Bidston,BID,53.409,-3.079
East Didsbury,EDY,53.40917,-2.22181
Roby,ROB,53.41,-2.856
Huyton,HUY,53.41,-2.843
Birchwood,BWD,53.4124,-2.5253
Whiston,WHN,53.414,-2.796
Romiley,RML,53.414,-2.089
Meadowhall,MHS,53.4167,-1.4141
Rainhill,RNH,53.41711,-2.7676
Burnage,BNA,53.42194,-2.21528
Wallasey Village,WLV,53.423,-3.069
Bredbury,BDY,53.423,-2.1105
Prescot,PSC,53.424,-2.799
Heaton Chapel,HTC,53.4259,-2.1793
Lea Green,LEG,53.427,-2.724
Wallasey Grove Road,WLG,53.428,-3.07
Glazebrook,GLZ,53.4282,-2.4598
Woodley,WLY,53.42944,-2.09278
Sandhills,SDL,53.43,-2.991
Eccleston Park,ECL,53.431,-2.78
Brinnington,BNT,53.4319,-2.1341
Rotherham Central,RMC,53.43225,-1.3605
St Helens Junction,SHJ,53.43378,-2.7001
Mauldeth Road,MAU,53.43389,-2.20875
Irlam,IRL,53.4343,-2.4341
Reddish South,RDS,53.4361,-2.158
New Brighton,NBN,53.437,-3.049
Thatto Heath,THH,53.437,-2.759
Bank Hall,BAH,53.438,-2.987
Broadbottom,BDB,53.44076,-2.01617
Kirkdale,KKD,53.441,-2.982
Flixton,FLI,53.4439,-2.3833
Glossop,GLO,53.444,-1.949
Levenshulme,LVM,53.44444,-2.19278
Hattersley,HTY,53.44516,-2.04004
Chassen Road,CSR,53.4461,-2.3681
Bootle Oriel Road,BOT,53.448,-2.995
Urmston,URM,53.4483,-2.3536
Reddish North,RDN,53.449,-2.156
Dinting,DTG,53.449,-1.97
Earlestown,ERL,53.451,-2.638
Hyde Central,HYC,53.452,-2.086
Godley,GDL,53.452,-2.055
Humphrey Park,HUP,53.4523,-2.327
Bootle New Strand,BNW,53.453,-2.995
St Helens Central,SNH,53.453,-2.73
Newton-le-Willows,NLW,53.453,-2.614
Trafford Park,TRA,53.4547,-2.3117
Walton (Merseyside),WAO,53.456,-2.966
Newton for Hyde,NWN,53.45671,-2.06754
Ryder Brow,RRB,53.45694,-2.17389
Denton,DTN,53.4575,-2.1306
Rice Lane,RIL,53.458,-2.962
Hadfield,HDF,53.46086,-1.96556
Belle Vue,BLV,53.46194,-2.18028
Orrell Park,OPK,53.462,-2.963
Flowery Field,FLF,53.462,-2.081
Manchester United Football Ground,MUF,53.4621,-2.2914
Chapeltown (South Yorks),CLN,53.4623,-1.46625
Hyde North,HYT,53.464,-2.086
Seaforth & Litherland,SFL,53.46574,-3.005
Gorton,GTO,53.46889,-2.16778
Fazakerley,FAZ,53.469,-2.935
Fairfield,FRF,53.471,-2.145
Ardwick,ADK,53.47111,-2.21306
Ashburys,ABY,53.47183,-2.19554
Manchester Oxford Road,MCO,53.4739,-2.2422
Aintree,AIN,53.474,-2.957
Deansgate,DGT,53.4742,-2.2508
Guide Bridge,GUI,53.47454,-2.11333
Waterloo (Merseyside),WLO,53.475,-3.026
Manchester Piccadilly,MAN,53.47709,-2.22973
Salford Central,SFD,53.48278,-2.25583
Stalybridge,SYB,53.48417,-2.06472
Patricroft,PAT,53.485,-2.357
Eccles (Manchester),ECC,53.485,-2.335
Kirton Lindsey,KTL,53.485,-0.594
Swinton (South Yorks),SWN,53.4863,-1.3058
Salford Crescent,SLD,53.48639,-2.27583
Kirkby (Merseyside),KIR,53.48694,-2.90056
Old Roan,ORN,53.487,-2.951
Blundellsands & Crosby,BLN,53.48767,-3.04038
Manchester Victoria,MCV,53.48769,-2.24345
Garswood,GSW,53.489,-2.672
Conisbrough,CNS,53.48938,-1.23417
Mexborough,MEX,53.491,-1.289
Ashton-under-Lyne,AHN,53.4913,-2.0943
Hall Road,HLR,53.498,-3.051
Elsecar,ELR,53.499,-1.427
Bryn,BYN,53.4996,-2.6477
Maghull,MAG,53.506,-2.931
Swinton (Manchester),SNN,53.5148,-2.3367
Mossley (Manchester),MSL,53.515,-2.042
Moorside,MSD,53.5163,-2.3526
Rainford,RNF,53.517,-2.789
Wombwell,WOM,53.51752,-1.41635
Bolton-on-Dearne,BTD,53.5188,-1.31156
Walkden,WKD,53.5197,-2.396
Doncaster,DON,53.52178,-1.13987
Clifton (Manchester),CLI,53.5223,-2.3141
Moston,MSO,53.52333,-2.17111
Hightown,HTO,53.525,-3.057
Penistone,PNS,53.526,-1.623
Upholland,UPL,53.528,-2.741
Atherton (Manchester),ATN,53.52908,-2.4777
Orrell,ORR,53.5301,-2.709
Pemberton,PEM,53.5306,-2.6692
Hag Fold,HGF,53.5335,-2.4939
Goldthorpe,GOE,53.53362,-1.31304
Silkstone Common,SLK,53.535,-1.5635
Greenfield,GNF,53.5388,-2.0142
Ince (Manchester),INC,53.5391,-2.6126
Daisy Hill,DSY,53.5394,-2.5153
Hindley,HIN,53.5424,-2.575
Town Green,TWN,53.543,-2.904
Wigan North Western,WGN,53.543,-2.632
Bentley (South Yorks),BYK,53.544,-1.151
Dodworth,DOD,53.54416,-1.53195
Kearsley (Manchester),KSL,53.5446,-2.3755
Wigan Wallgate,WGW,53.54518,-2.63471
Thurnscoe,THC,53.54547,-1.30847
Brigg,BGG,53.549,-0.486
Farnworth,FNW,53.5503,-2.3882
Mills Hill (Manchester),MIH,53.5511,-2.1717
Formby,FBY,53.553,-3.071
Aughton Park,AUG,53.554,-2.895
Barnsley,BNY,53.55408,-1.47759
Westhoughton,WHG,53.5558,-2.5233
Moses Gate,MSS,53.5563,-2.4017
Gathurst,GST,53.5594,-2.6937
Cleethorpes,CLE,53.562,-0.029
Kirk Sandall,KKS,53.56313,-1.07548
Grimsby Town,GMB,53.56355,-0.087
Freshfield,FRE,53.566,-3.072
Ormskirk,OMS,53.569,-2.882
Adwick,AWK,53.57194,-1.17973
Denby Dale,DBD,53.57267,-1.66305
Lostock,LOT,53.573,-2.494
Bolton,BON,53.573,-2.425
Grimsby Docks,GMD,53.574,-0.076
New Clee,NCE,53.57426,-0.06048
Barnetby,BTB,53.57503,-0.4099
Great Coates,GCT,53.57581,-0.13007
Horwich Parkway,HWI,53.578,-2.54
Appley Bridge,APB,53.579,-2.719
Healing,HLI,53.58184,-0.16049
Althorpe,ALP,53.58557,-0.733
Scunthorpe,SCU,53.58618,-0.651
Stallingborough,SLL,53.58713,-0.18357
Darton,DRT,53.588,-1.5309
Hatfield & Stainforth,HFS,53.58888,-1.02336
Shepley,SPY,53.58895,-1.70537
Crowle,CWE,53.5898,-0.8175
Parbold,PBL,53.591,-2.771
Blackrod,BLK,53.591,-2.57
Castleton (Manchester),CAS,53.5919,-2.1783
Stocksmoor,SSM,53.59419,-1.72355
South Elmsall,SES,53.5948,-1.2854
Moorthorpe,MRP,53.59492,-1.30497
Hall-i'-th'-Wood,HID,53.5969,-2.4132
Hoscar,HSC,53.597,-2.804
Brockholes,BHS,53.597,-1.7698
Burscough Junction,BCJ,53.5975,-2.84064
Ainsdale,ANS,53.6019,-3.0428
Marsden (Yorks),MSN,53.60323,-1.9307
Thorne South,TNS,53.6034,-0.9549
Burscough Bridge,BCB,53.605,-2.842
Habrough,HAB,53.60603,-0.26885
Honley,HOY,53.6082,-1.7809
Rochdale,RCD,53.61,-2.1541
New Lane,NLN,53.611,-2.868
Adlington (Lancs),ADL,53.613,-2.603
Bromley Cross (Lancs),BMC,53.61411,-2.41081
Thorne North,TNN,53.6162,-0.9724
Ulceby,ULC,53.6193,-0.30079
Berry Brow,BBW,53.621,-1.7935
Hillside,HIL,53.622,-3.025
Slaithwaite,SWT,53.6238,-1.88148
Bescar Lane,BES,53.624,-2.915
Fitzwilliam,FZW,53.6326,-1.3745
Smithy Bridge,SMB,53.6333,-2.1134
Birkdale,BDL,53.634,-3.015
Lockwood,LCK,53.63479,-1.8008
Rufford,RUF,53.635,-2.807
Littleborough,LTL,53.6429,-2.0947
Meols Cop,MEC,53.646,-2.975
Southport,SOP,53.647,-3.002
Huddersfield,HUD,53.648,-1.785
Chorley,CRL,53.653,-2.627
Thornton Abbey,TNA,53.6545,-0.3231
Entwistle,ENT,53.65561,-2.41403
Sandal & Agbrigg,SNA,53.66305,-1.48131
Croston,CSO,53.668,-2.778
Deighton,DHN,53.66834,-1.7524
Euxton Balshaw Lane,EBA,53.67,-2.675
Mirfield,MIR,53.6716,-1.6933
Buckshaw Parkway,BSV,53.6733,-2.6608
Ravensthorpe,RVN,53.67566,-1.65555
Streethouse,SHC,53.6762,-1.4
Goxhill,GOX,53.67668,-0.33734
Wakefield Kirkgate,WKK,53.67906,-1.48841
Featherstone,FEA,53.67906,-1.35843
Wakefield Westgate,WKF,53.682,-1.5055
Barton-on-Humber,BAU,53.689,-0.443
Rawcliffe,RWC,53.68902,-0.959
Dewsbury,DEW,53.692,-1.633
Pontefract Baghill,PFR,53.692,-1.303
Snaith,SNI,53.69279,-1.026
Pontefract Tanshelf,POT,53.694,-1.319
Walsden,WDN,53.69634,-2.10467
Barrow Haven,BAV,53.69743,-0.39293
Darwen,DWN,53.698,-2.465
Brighouse,BGH,53.698,-1.779
Hensall,HEL,53.6985,-1.1145
Pontefract Monkhill,PFM,53.6988,-1.304
Leyland,LEY,53.699,-2.687
Whitley Bridge,WBD,53.6991,-1.1589
Normanton,NOR,53.70049,-1.42352
New Holland,NHL,53.702,-0.36
Goole,GOO,53.70512,-0.872
Knottingley,KNO,53.7065,-1.259
Sowerby Bridge,SOW,53.708,-1.907
Glasshoughton,GLH,53.70861,-1.34056
Batley,BTL,53.70991,-1.62302
Todmorden,TOD,53.7138,-2.0997
Outwood,OUT,53.7151,-1.51043
Ferriby,FRY,53.71682,-0.506
Hessle,HES,53.71698,-0.44
Halifax,HFX,53.72065,-1.85379
Saltmarshe,SAM,53.72221,-0.807
Castleford,CFD,53.724,-1.355
Lostock Hall,LOH,53.72432,-2.68708
Brough,BUH,53.7267,-0.577
Bamber Bridge,BMB,53.72689,-2.66133
Mytholmroyd,MYT,53.72912,-1.98184
Pleasington,PLS,53.73101,-2.54355
Cherry Tree,CYT,53.73323,-2.51873
Mill Hill (Lancs),MLH,53.73526,-2.50232
Hebden Bridge,HBD,53.73767,-2.0088
Lytham,LTM,53.7392,-2.9643
Broomfleet,BMF,53.74,-0.67098
Ansdell & Fairhaven,AFV,53.7416,-2.9934
Hull,HUL,53.7435,-0.346
Blackburn,BBN,53.7464,-2.47908
Gilberdyke,GBD,53.74791,-0.73
Church & Oswaldtwistle,CTW,53.75,-2.391
Morley,MLY,53.75,-1.591
Accrington,ACR,53.753,-2.37
St Annes-on-Sea,SAS,53.7531,-3.029
Eastrington,EGN,53.755,-0.785
Preston (Lancs),PRE,53.756,-2.7072
Woodlesford,WDS,53.7568,-1.443
Rishton,RIS,53.764,-2.42
Howden,HOW,53.76474,-0.86
Moss Side,MOS,53.7649,-2.9429
Cottingley,COT,53.7679,-1.5876
Huncoat,HCT,53.772,-2.346
Wressle,WRS,53.77292,-0.92401
Squires Gate,SQU,53.7773,-3.0503
Ramsgreave & Wilpshire,RGW,53.78,-2.479
Cottingham,CGM,53.78173,-0.405
Salwick,SLW,53.78174,-2.81826
Hapton,HPN,53.782,-2.317
South Milford,SOM,53.78242,-1.25114
Selby,SBY,53.783,-1.06344
Burnley Manchester Road,BYM,53.785,-2.249
Kirkham & Wesham,KKM,53.78686,-2.88195
Rose Grove,RSG,53.787,-2.282
Blackpool Pleasure Beach,BPB,53.7879,-3.054
Micklefield,MIK,53.7887,-1.3254
Burnley Barracks,BUB,53.791,-2.258
Bradford Interchange,BDI,53.791,-1.75
East Garforth,EGF,53.792,-1.3705
Burnley Central,BNC,53.794,-2.245
Leeds,LDS,53.79418,-1.54759
Garforth,GRF,53.7966,-1.3824
Bradford Forster Square,BDQ,53.797,-1.753
Sherburn-in-Elmet,SIE,53.7974,-1.2328
Blackpool South,BPS,53.7983,-3.0488
New Pudsey,NPD,53.80472,-1.68056
Langho,LHO,53.805,-2.448
Cross Gates,CRG,53.805,-1.45
Bramley (W Yorks),BLE,53.80558,-1.63792
Burley Park,BUY,53.812,-1.578
Headingley,HDY,53.818,-1.594
Frizinghall,FZH,53.82,-1.7686
Blackpool North,BPN,53.8218,-3.0493
Whalley (Lancs),WHE,53.824,-2.412
Brierfield,BRF,53.825,-2.237
Church Fenton,CHF,53.8263,-1.2275
Shipley (Yorks),SHY,53.8331,-1.7734
Layton (Lancs),LAY,53.835,-3.0306
Nelson,NEL,53.835,-2.214
Saltaire,SAE,53.8385,-1.7904
Beverley,BEV,53.842,-0.421
Horsforth,HRS,53.8476,-1.6302
Poulton-le-Fylde,PFY,53.8484,-2.9906
Bingley,BIY,53.8487,-1.8372
Baildon,BLD,53.85,-1.754
Ulleskelf,ULL,53.85356,-1.21406
Colne,CNE,53.8553,-2.1822
Crossflatts,CFL,53.85855,-1.84492
Keighley,KEI,53.8679,-1.9011
Clitheroe,CLH,53.87389,-2.39417
Guiseley,GSY,53.876,-1.715
Arram,ARR,53.884,-0.425
Menston,MNN,53.89234,-1.73555
Steeton & Silsden,SON,53.89998,-1.94438
Burley-in-Wharfedale,BUW,53.90816,-1.7535
Cononley,CEY,53.9173,-2.0119
Weeton,WET,53.92305,-1.58134
Ilkley,ILK,53.92481,-1.82117
Ben Rhydding,BEY,53.9257,-1.7973
Hutton Cranswick,HUT,53.956,-0.432
York,YRK,53.9583,-1.093
Skipton,SKI,53.95843,-2.02615
Pannal,PNL,53.95845,-1.53274
Poppleton,POP,53.97595,-1.14816
Gargrave,GGV,53.9783,-2.105
Hornbeam Park,HBP,53.9799,-1.52695
Harrogate,HGT,53.99331,-1.53737
Hammerton,HMM,53.99636,-1.28404
Cattal,CTL,53.99744,-1.31993
Starbeck,SBE,53.999,-1.50065
Driffield,DRF,54.0015,-0.432
Knaresborough,KNA,54.00903,-1.47033
Hellifield,HLD,54.011,-2.228
Nafferton,NFN,54.0112,-0.384
Long Preston,LPR,54.017,-2.256
Heysham Port,HHB,54.03365,-2.91166
Lancaster,LAN,54.04875,-2.8075
Giggleswick,GIG,54.0618,-2.30276
Settle,SET,54.067,-2.2808
Morecambe,MCM,54.07031,-2.86854
Bare Lane,BAR,54.07465,-2.83491
Bridlington,BDT,54.084,-0.1985
Clapham (North Yorkshire),CPY,54.10539,-2.41021
Roose,ROO,54.11502,-3.19442
Bentham,BEN,54.1155,-2.5105
Barrow-in-Furness,BIF,54.119,-3.226
Wennington,WNN,54.124,-2.587
Bempton,BEM,54.1278,-0.1792
Carnforth,CNF,54.12961,-2.77147
Malton,MLT,54.132,-0.797
Horton-in-Ribblesdale,HIR,54.14938,-2.302
Dalton (Cumbria),DLT,54.1543,-3.17843
Silverdale,SVR,54.16944,-2.80378
Kents Bank,KBK,54.1728,-2.92529
Hunmanby,HUB,54.174,-0.31455
Cark & Cartmel,CAK,54.17825,-2.9747
Askam,ASK,54.18913,-3.2046
Ulverston,ULV,54.19167,-3.09804
Grange-Over-Sands,GOS,54.19558,-2.90317
Arnside,ARN,54.20257,-2.82804
Ribblehead,RHD,54.2057,-2.3609
Filey,FIL,54.2095,-0.292
Millom,MLM,54.21092,-3.27084
Silecroft,SIC,54.22606,-3.33467
Thirsk,THI,54.22824,-1.37262
Kirkby-in-Furness,KBF,54.23279,-3.18732
Seamer,SEM,54.24058,-0.41707
Green Road,GNR,54.24426,-3.24549
Foxfield,FOX,54.25845,-3.21581
Scarborough,SCA,54.2798,-0.4055
Dent,DNT,54.282,-2.363
Bootle (Cumbria),BOC,54.29125,-3.39386
Oxenholme Lake District,OXN,54.305,-2.722
Garsdale,GSD,54.321,-2.326
Kendal,KEN,54.332,-2.74
Northallerton,NTR,54.3327,-1.4415
Burneside (Cumbria),BUD,54.355,-2.766
Ravenglass for Eskdale,RAV,54.35584,-3.4091
Staveley (Cumbria),SVL,54.375,-2.819
Drigg,DRI,54.377,-3.44392
Windermere,WDM,54.37939,-2.90326
Seascale,SSC,54.39627,-3.48507
Sellafield,SEL,54.41678,-3.5106
Grosmont,GMT,54.43623,-0.72515
Egton,EGT,54.4375,-0.7615
Glaisdale,GLS,54.4394,-0.7939
Braystones (Cumbria),BYS,54.43949,-3.54201
Kirkby Stephen,KSW,54.45496,-2.3688
Nethertown,NRT,54.45678,-3.56621
Battersby,BTT,54.457,-1.094
Lealholm,LHM,54.46055,-0.82563
Sleights,SLH,54.4611,-0.6626
Danby,DNY,54.4662,-0.911
Castleton Moor,CSM,54.4672,-0.9466
Ruswarp,RUS,54.47,-0.628
Kildale,KLD,54.47776,-1.0681
Commondale,COM,54.4818,-0.975
Whitby,WTB,54.48468,-0.61488
Great Ayton,GTA,54.4896,-1.1154
St Bees,SBS,54.4925,-3.59119
Yarm,YRM,54.49386,-1.3516
Dinsdale,DND,54.515,-1.467
Tees-side Airport,TEA,54.51851,-1.42515
Darlington,DAR,54.5209,-1.5464
Allens West,ALW,54.524,-1.363
Nunthorpe,NNT,54.5279,-1.16958
Eaglescliffe,EAG,54.529,-1.349
Gypsy Lane,GYP,54.53333,-1.18036
North Road (Darlington),NRD,54.5356,-1.5538
Corkickle,CKL,54.54167,-3.58207
Marton,MTO,54.5443,-1.1985
Whitehaven,WTH,54.55315,-3.58716
Thornaby,TBY,54.55927,-1.301
Stockton,STK,54.56972,-1.31833
Parton,PRN,54.57,-3.582
Middlesbrough,MBR,54.5791,-1.23472
Appleby,APP,54.58051,-2.48671
Saltburn,SLB,54.5835,-0.974
South Bank,SBK,54.584,-1.177
Marske,MSK,54.58743,-1.019
Billingham (Cleveland),BIL,54.5886,-1.29034
Longbeck,LGK,54.58937,-1.03118
Heighington,HEI,54.5972,-1.5818
Redcar East,RCE,54.609,-1.052
Redcar British Steel,RBS,54.6096,-1.113
Harrington,HRR,54.613,-3.566
Newton Aycliffe,NAY,54.6137,-1.5898
Redcar Central,RCC,54.616,-1.071
Shildon,SHD,54.6262,-1.6368
Workington,WKG,54.645,-3.558
Bishop Auckland,BIA,54.6573,-1.6778
Seaton Carew,SEC,54.65819,-1.20047
Penrith (North Lakes),PNR,54.662,-2.758
Hartlepool,HPL,54.68682,-1.20775
Flimby,FLM,54.69,-3.521
Langwathby,LGW,54.69444,-2.66368
Maryport,MRY,54.712,-3.495
Lazonby & Kirkoswald,LZB,54.75,-2.702
Aspatria,ASP,54.759,-3.332
Durham,DHM,54.7798,-1.5815
Armathwaite,AWT,54.809,-2.772
Wigton,WGT,54.829,-3.164
Seaham,SEA,54.837,-1.341
Dalston (Cumbria),DLS,54.846,-2.989
Chester-le-Street,CLS,54.855,-1.578
Wetheral,WRL,54.884,-2.832
Carlisle,CAR,54.891,-2.934
Sunderland,SUN,54.906,-1.382
Stranraer,STR,54.90914,-5.02461
Brampton (Cumbria),BMP,54.933,-2.704
Stocksfield,SKS,54.94675,-1.91664
Riding Mill,RDM,54.94878,-1.97186
Dunston,DOT,54.94972,-1.64139
Heworth,HEW,54.95157,-1.55577
MetroCentre,MCE,54.95891,-1.6649
Prudhoe,PRU,54.96572,-1.86506
Blaydon,BLO,54.9658,-1.713
Corbridge,CRB,54.966,-2.019
Haltwhistle,HWH,54.968,-2.464
Newcastle,NCL,54.9686,-1.6171
Manors,MAS,54.973,-1.605
Hexham,HEX,54.97359,-2.09487
Bardon Mill,BLL,54.974,-2.346
Haydon Bridge,HDB,54.975,-2.248
Wylam,WYM,54.975,-1.814
Annan,ANN,54.984,-3.263
Gretna Green,GEA,55,-3.0662
Dumfries,DMF,55.073,-3.604
Cramlington,CRM,55.088,-1.599
Barrhill,BRL,55.097,-4.782
Lockerbie,LOC,55.122,-3.353
Morpeth,MPT,55.1622,-1.6829
Pegswood,PEG,55.178,-1.644
Widdrington,WDD,55.241,-1.616
Girvan,GIR,55.246,-4.848
Acklington,ACK,55.307,-1.652
Maybole,MAY,55.3546,-4.6855
Sanquhar,SQH,55.37,-3.925
Kirkconnel,KRK,55.388,-3.998
Alnmouth,ALM,55.3925,-1.6363
New Cumnock,NCK,55.403,-4.184
Ayr,AYR,55.4583,-4.6258
Auchinleck,AUK,55.4698,-4.2948
Newton-on-Ayr,NOA,55.474,-4.626
Prestwick Town,PTW,55.502,-4.615
Prestwick International Airport,PRA,55.509,-4.614
Chathill,CHT,55.53673,-1.70639
Troon,TRN,55.543,-4.655
Barassie,BSS,55.5606,-4.6507
Irvine,IRV,55.6109,-4.6747
Kilmarnock,KMK,55.612,-4.499
Saltcoats,SLT,55.6338,-4.7843
Stevenston,STV,55.634,-4.751
Kilmaurs,KLM,55.6368,-4.5306
Ardrossan Town,ADN,55.6398,-4.8123
Ardrossan Harbour,ADS,55.6401,-4.8214
Ardrossan South Beach,ASB,55.6407,-4.8002
Kilwinning,KWN,55.6563,-4.7095
Lanark,LNK,55.673,-3.773
Stewarton,STT,55.6821,-4.5181
Carstairs,CRS,55.691,-3.668
West Kilbride,WKB,55.6967,-4.8514
Dalry,DLY,55.7056,-4.7112
Dunlop,DNL,55.7114,-4.5325
Carluke,CLU,55.731,-3.849
Glengarnock,GLG,55.7386,-4.6749
Larkhall,LRH,55.739,-3.975
Merryton,MEY,55.74871,-3.97825
Fairlie,FRL,55.7518,-4.8531
Hairmyres,HMY,55.762,-4.22
Chatelherault,CTE,55.765,-4.005
East Kilbride,EKL,55.766,-4.18
Thorntonhall,THT,55.769,-4.251
Wishaw,WSH,55.77213,-3.92644
Hamilton Central,HNC,55.773,-4.039
Berwick-upon-Tweed,BWK,55.775,-2.011
Shieldmuir,SDM,55.777,-3.957
Hamilton West,HNW,55.779,-4.054
Busby,BUS,55.78,-4.262
Neilston,NEI,55.7827,-4.4273
Airbles,AIR,55.783,-3.994
Lochwinnoch,LHW,55.7866,-4.6162
Clarkston,CKS,55.789,-4.276
Whitecraigs,WCR,55.7903,-4.3107
Patterton,PTT,55.7908,-4.3346
Motherwell,MTH,55.792,-3.994
Largs,LAR,55.7928,-4.8673
Williamwood,WLM,55.794,-4.2899
Blantyre,BLT,55.79748,-4.08732
Barrhead,BRR,55.804,-4.397
Giffnock,GFN,55.804,-4.294
Cleland,CEA,55.805,-3.91
Carfin,CRF,55.80806,-3.95528
Muirend,MUI,55.81019,-4.27359
Howwood (Renfrewshire),HOZ,55.8105,-4.5622
Hartwood,HTW,55.81083,-3.83944
Thornliebank,THB,55.811,-4.312
Nitshill,NIT,55.8119,-4.3603
Priesthill & Darnley,PTL,55.81208,-4.34297
Kennishead,KNS,55.813,-4.325
Holytown,HLY,55.813,-3.974
Kirkhill,KKH,55.81417,-4.16807
Burnside (Strathclyde),BUI,55.817,-4.204
Bellshill,BLH,55.817,-4.025
Cathcart,CCT,55.818,-4.261
Croftfoot,CFF,55.818,-4.228
Shotts,SHS,55.8182,-3.7989
Newton (Lanark),NTN,55.819,-4.133
Kings Park,KGP,55.82,-4.247
Cambuslang,CBL,55.82,-4.173
Langside,LGS,55.821,-4.277
Fauldhouse,FLD,55.822,-3.719
Uddingston,UDD,55.82353,-4.0867
Pollokshaws West,PWW,55.824,-4.302
Milliken Park,MIN,55.8249,-4.5339
Pollokshaws East,PWE,55.825,-4.287
Mount Florida,MFL,55.827,-4.262
Breich,BRC,55.827,-3.668
Shawlands,SHL,55.829,-4.292
Rutherglen,RUT,55.831,-4.212
Crosshill,COI,55.83338,-4.25685
Crossmyloof,CMY,55.834,-4.284
Carmyle,CML,55.834,-4.158
Johnstone (Strathclyde),JHN,55.8343,-4.5032
Queens Park (Glasgow),QPK,55.83544,-4.26726
Corkerhill,CKH,55.837,-4.334
Pollokshields West,PLW,55.83764,-4.27624
Maxwell Park,MAX,55.838,-4.289
Mount Vernon,MTV,55.84,-4.137
Paisley Canal,PCN,55.84013,-4.42337
Mosspark,MPK,55.841,-4.348
Pollokshields East,PLE,55.841,-4.269
Hawkhead,HKH,55.842,-4.399
Crookston,CKT,55.842,-4.366
Dalmarnock,DAK,55.8424,-4.2176
Addiewell,ADW,55.843,-3.607
Dumbreck,DUM,55.845,-4.301
Baillieston,BIO,55.845,-4.114
Paisley Gilmour Street,PYG,55.8474,-4.4242
Bridgeton,BDG,55.849,-4.226
Paisley St James,PYJ,55.852,-4.442
Bargeddie,BGI,55.852,-4.072
Cardonald,CDO,55.8525,-4.3393
Shettleston,SLS,55.854,-4.16
Whifflet,WFF,55.854,-4.019
West Calder,WCL,55.854,-3.567
Hillington East,HLE,55.8542,-4.3551
Kirkwood,KWD,55.8544,-4.04853
Carntyne,CAY,55.855,-4.179
Garrowhill,GAR,55.855,-4.129
Hillington West,HLW,55.8559,-4.3708
Argyle Street,AGS,55.857,-4.251
Bellgrove,BLG,55.857,-4.225
Duke Street,DST,55.858,-4.213
Glasgow Central,GLC,55.8591,-4.2581
Anderston,AND,55.86,-4.272
High Street (Glasgow),HST,55.86,-4.24
Easterhouse,EST,55.86,-4.107
Exhibition Centre (Glasgow),EXG,55.862,-4.284
Glasgow Queen Street,GLQ,55.8623,-4.2506
Coatbridge Central,CBC,55.863,-4.032
Alexandra Parade,AXP,55.864,-4.211
Airdrie,ADR,55.864,-3.983
Coatdyke,COA,55.86439,-4.00495
Charing Cross (Glasgow),CHC,55.865,-4.27
Drumgelloch,DRU,55.866,-3.954
Blairhill,BAI,55.86657,-4.04238
Coatbridge Sunnyside,CBS,55.86695,-4.02823
Partick,PTK,55.8707,-4.3092
Livingston South,LVG,55.872,-3.502
Wemyss Bay,WMS,55.876,-4.889
Barnhill,BNL,55.878,-4.223
Hyndland,HYN,55.8802,-4.3133
Blackridge,BKR,55.88116,-3.76521
Springburn,SPR,55.882,-4.228
Jordanhill,JOR,55.8826,-4.3246
Scotstounhill,SCH,55.8852,-4.3527
Gartcosh,GRH,55.88566,-4.07949
Armadale (West Lothian),ARM,55.88571,-3.69541
Caldercruix,CAC,55.88794,-3.88771
Garscadden,GRS,55.888,-4.365
Anniesland,ANL,55.889,-4.322
Ashfield,ASF,55.889,-4.249
Kirknewton,KKN,55.88911,-3.43285
Stepps,SPS,55.89,-4.141
Possilpark & Parkhouse,PPK,55.89014,-4.258
Yoker,YOK,55.893,-4.387
Kelvindale,KVD,55.8933,-4.3106
Maryhill,MYH,55.897,-4.302
Gilshochill,GSC,55.89739,-4.28269
Summerston,SUM,55.89881,-4.29269
Bathgate,BHG,55.899,-3.641
Curriehill,CUH,55.90028,-3.31917
Clydebank,CYK,55.901,-4.404
Livingston North,LSN,55.901,-3.544
Bishopton (Strathclyde),BPT,55.902,-4.502
Bishopbriggs,BBG,55.904,-4.225
Drumry,DMY,55.90462,-4.38537
Drumchapel,DMC,55.905,-4.363
Westerton,WES,55.905,-4.335
Inverkip,INP,55.906,-4.873
Singer,SIN,55.90745,-4.40535
Dalmuir,DMR,55.912,-4.427
Wester Hailes,WTA,55.91439,-3.28379
Bearsden,BRN,55.917,-4.333
Kingsknowe,KGE,55.91886,-3.26509
Uphall,UHA,55.919,-3.502
Hillfoot,HLF,55.92,-4.32
Lenzie,LNZ,55.921,-4.154
Langbank,LGB,55.925,-4.585
Kilpatrick,KPT,55.925,-4.453
Slateford,SLA,55.9265,-3.24409
Edinburgh Park,EDP,55.92766,-3.30777
IBM Halt,IBM,55.929,-4.827
Woodhall,WDL,55.931,-4.655
Bowling,BWG,55.931,-4.494
Newcraighall,NEW,55.93322,-3.09099
Port Glasgow,PTG,55.934,-4.69
Musselburgh,MUB,55.934,-3.073
Greenfaulds,GRL,55.935,-3.993
South Gyle,SGL,55.93642,-3.29911
Bogston,BGS,55.937,-4.711
Whinhill,WNL,55.938,-4.747
Wallyford,WAF,55.94,-3.015
Branchton,BCN,55.941,-4.804
Drumfrochar,DFR,55.941,-4.775
Milngavie,MLN,55.94139,-4.31472
Brunstane,BSU,55.94191,-3.10073
Cartsdyke,CDY,55.942,-4.732
Dumbarton East,DBE,55.942,-4.554
Cumbernauld,CUB,55.942,-3.98
Greenock Central,GKC,55.945,-4.753
Haymarket,HYM,55.94545,-3.21796
Greenock West,GKW,55.947,-4.768
Dalreoch,DLR,55.947,-4.578
Dumbarton Central,DBC,55.947,-4.567
Edinburgh,EDB,55.952,-3.189
Prestonpans,PST,55.953,-2.975
Croy,CRO,55.95556,-4.03639
Fort Matilda,FTM,55.959,-4.795
Cardross,CDR,55.96,-4.653
Gourock,GRK,55.962,-4.817
Renton,RTN,55.97,-4.586
Longniddry,LND,55.976,-2.888
Linlithgow,LIN,55.9764,-3.5942
Polmont,PMT,55.98444,-3.715
Alexandria,ALX,55.985,-4.577
Dalmeny,DAM,55.9862,-3.3815
Falkirk High,FKK,55.99194,-3.79278
Craigendoran,CGD,55.995,-4.711
Dunbar,DUN,55.998,-2.513
Balloch,BHC,56.003,-4.583
Falkirk Grahamston,FKG,56.003,-3.785
Helensburgh Central,HLC,56.004,-4.733
Camelon,CMO,56.00472,-3.81861
Drem,DRM,56.005,-2.786
Helensburgh Upper,HLU,56.012,-4.73
North Queensferry,NQU,56.012,-3.395
Larbert,LBT,56.023,-3.831
Inverkeithing,INK,56.035,-3.39528
Dalgety Bay,DAG,56.04222,-3.36778
Rosyth,ROS,56.04528,-3.42639
Aberdour,AUR,56.055,-3.301
Burntisland,BTS,56.057,-3.233
North Berwick,NBW,56.057,-2.731
Dunfermline Town,DFE,56.068,-3.453
Kinghorn,KGH,56.069,-3.174
Garelochhead,GCH,56.08,-4.82544
Dunfermline Queen Margaret,DFL,56.081,-3.421
Cowdenbeath,COW,56.112,-3.343
Kirkcaldy,KDY,56.112,-3.167
Alloa,ALO,56.118,-3.787
Stirling,STG,56.12,-3.936
Lochgelly,LCG,56.135,-3.313
Cardenden,CDD,56.141,-3.262
Bridge of Allan,BEA,56.157,-3.957
Glenrothes with Thornton,GLT,56.16194,-3.14306
Dunblane,DBL,56.186,-3.965
Markinch,MNC,56.201,-3.131
Arrochar & Tarbet,ART,56.20328,-4.72323
Ladybank,LDY,56.274,-3.122
Gleneagles,GLE,56.275,-3.731
Springfield,SPF,56.295,-3.052
Ardlui,AUI,56.30186,-4.72166
Cupar,CUP,56.317,-3.009
Leuchars (for St. Andrews),LEU,56.375,-2.894
Crianlarich,CNR,56.39047,-4.61842
Perth,PTH,56.39153,-3.43951
Falls of Cruachan,FOC,56.394,-5.112
Dalmally,DAL,56.401,-4.984
Loch Awe,LHA,56.402,-5.042
Oban,OBN,56.412,-5.474
Taynuilt,TAY,56.431,-5.24
Tyndrum Lower,TYL,56.43359,-4.71345
Upper Tyndrum,UTY,56.43451,-4.70356
Connel Ferry,CON,56.452,-5.385
Invergowrie,ING,56.456,-3.057
Dundee,DEE,56.4567,-2.9711
Broughty Ferry,BYF,56.467,-2.873
Balmossie,BSI,56.475,-2.839
Monifieth,MON,56.4797,-2.8183
Barry Links,BYL,56.4931,-2.7449
Golf Street,GOF,56.498,-2.72
Carnoustie,CAN,56.5004,-2.7064
Bridge of Orchy,BRO,56.516,-4.763
Dunkeld & Birnam,DKD,56.55694,-3.57833
Arbroath,ARB,56.5594,-2.5892
Rannoch,RAN,56.685,-4.578
Pitlochry,PIT,56.702,-3.736
Montrose,MTS,56.713,-2.472
Corrour,CRR,56.7601,-4.6909
Blair Atholl,BLA,56.7653,-3.8496
Fort William,FTW,56.82,-5.106
Laurencekirk,LAU,56.83635,-2.46593
Corpach,CPA,56.843,-5.122
Banavie,BNV,56.843,-5.095
Locheilside,LCS,56.855,-5.29
Loch Eil Outward Bound,LHE,56.855,-5.192
Glenfinnan,GLF,56.872,-5.45
Lochailort,LCL,56.881,-5.663
Tulloch,TUL,56.884,-4.701
Roy Bridge,RYB,56.888,-4.837
Spean Bridge,SBR,56.89,-4.922
Beasdale,BSL,56.9,-5.764
Arisaig,ARG,56.913,-5.839
Dalwhinnie,DLW,56.935,-4.246
Stonehaven,STN,56.9667,-2.22563
Morar,MRR,56.97,-5.822
Mallaig,MLG,57.006,-5.83
Newtonmore,NWR,57.059,-4.119
Portlethen,PLN,57.06142,-2.12799
Kingussie,KIN,57.078,-4.052
Aberdeen,ABD,57.1436,-2.0985
Aviemore,AVM,57.18877,-3.82876
Dyce,DYC,57.20572,-2.19267
Kyle of Lochalsh,KYL,57.28,-5.714
Carrbridge,CAG,57.28,-3.828
Inverurie,INR,57.286,-2.374
Duirinish,DRN,57.319,-5.692
Plockton,PLK,57.334,-5.666
Duncraig,DCG,57.337,-5.637
Insch,INS,57.337,-2.617
Stromeferry,STF,57.352,-5.549
Attadale,ATT,57.395,-5.456
Strathcarron,STC,57.423,-5.429
Huntly,HNT,57.444,-2.776
Beauly,BEL,57.47819,-4.46998
Inverness,INV,57.48,-4.223
Achnashellach,ACH,57.4819,-5.333
Muir of Ord,MOO,57.518,-4.461
Keith,KEH,57.551,-2.954
Conon Bridge,CBD,57.5617,-4.4403
Achnasheen,ACN,57.5792,-5.072
Nairn,NRN,57.58,-3.873
Dingwall,DIN,57.5941,-4.4228
Achanalt,AAT,57.6097,-4.9137
Forres,FOR,57.6097,-3.6258
Garve,GVE,57.613,-4.688
Lochluichart,LCC,57.621,-4.81
Elgin,ELG,57.643,-3.311
Invergordon,IGD,57.68889,-4.17472
Alness,ASS,57.69438,-4.24971
Fearn,FRN,57.778,-3.994
Tain,TAI,57.81439,-4.05193
Ardgay,ARD,57.8809,-4.3613
Culrain,CUA,57.91979,-4.40451
Invershin,INH,57.92487,-4.39951
Golspie,GOL,57.9715,-3.98713
Dunrobin Castle,DNO,57.986,-3.949
Rogart,ROG,57.98861,-4.15838
Lairg,LRG,58.00171,-4.39999
Brora,BRA,58.01288,-3.85228
Helmsdale,HMS,58.11766,-3.65897
Kildonan,KIL,58.17089,-3.86909
Kinbrace,KBC,58.25834,-3.94118
Forsinard,FRS,58.35685,-3.89732
Altnabreac,ABC,58.38817,-3.70595
Wick,WCK,58.4417,-3.09811
Scotscalder,SCT,58.48288,-3.55226
Georgemas Junction,GGJ,58.51351,-3.45166
Thurso,THS,58.59006,-3.52777